Method,True class,Feature,Modality,Mean absolute importance
LIME,Akira,disk__parent_is_dotnet,disk,0.026364516023363836
LIME,Akira,memory__total_processes,memory,0.02090722796358006
LIME,Akira,disk__parent_size,disk,0.012472430099790908
LIME,Akira,disk__parent_is_i386,disk,0.012294025662533103
LIME,Akira,memory__n_created_dll,memory,0.010789112722698668
LIME,Akira,disk__size_delta,disk,0.007343927821328919
LIME,Akira,network__n_public_service_domains,network,0.006028061201368703
LIME,Akira,memory__n_registry_hklm,memory,0.0057019619528703176
LIME,Akira,disk__path_len,disk,0.004698841891634805
LIME,Akira,network__n_unique_ips,network,0.0041920382096776055
LIME,Akira,disk__parent_sections,disk,0.004134281576015
LIME,Akira,network__n_unique_tlds,network,0.0038355157744570057
LIME,Akira,network__avg_domain_len,network,0.0036166733039790255
LIME,Akira,memory__n_created_tmp,memory,0.0033041303400275753
LIME,Akira,network__n_public_ips,network,0.0032113406404380056
LIME,Akira,network__mean_domain_entropy,network,0.002880082353232022
LIME,Akira,memory__path_len,memory,0.002817334986298375
LIME,Akira,memory__modules_count,memory,0.0027310688712789896
LIME,Akira,network__domains_per_conn,network,0.002197689567942981
LIME,Akira,memory__path_entropy,memory,0.0021595851174497746
LIME,Akira,disk__parent_is_gui,disk,0.0
LIME,AsyncRAT,memory__total_processes,memory,0.01872414087938296
LIME,AsyncRAT,disk__parent_size,disk,0.015494738111865986
LIME,AsyncRAT,disk__parent_is_dotnet,disk,0.014817885260773819
LIME,AsyncRAT,memory__n_created_dll,memory,0.013521995351151183
LIME,AsyncRAT,disk__path_len,disk,0.0097628319152742
LIME,AsyncRAT,memory__n_created_tmp,memory,0.008387765158295462
LIME,AsyncRAT,network__n_public_ips,network,0.007535858435393785
LIME,AsyncRAT,disk__parent_is_i386,disk,0.006634497937976695
LIME,AsyncRAT,network__avg_domain_len,network,0.006052496856019584
LIME,AsyncRAT,memory__modules_count,memory,0.005781993632726528
LIME,AsyncRAT,network__mean_domain_entropy,network,0.005676314375145828
LIME,AsyncRAT,network__n_unique_ips,network,0.005358332718283421
LIME,AsyncRAT,memory__n_registry_hklm,memory,0.005128796371697067
LIME,AsyncRAT,network__n_unique_tlds,network,0.004064155512855227
LIME,AsyncRAT,memory__path_len,memory,0.003969563499572396
LIME,AsyncRAT,network__n_public_service_domains,network,0.003877729368445279
LIME,AsyncRAT,disk__size_delta,disk,0.0038511879820026774
LIME,AsyncRAT,network__domains_per_conn,network,0.0036675991556376535
LIME,AsyncRAT,memory__path_entropy,memory,0.003606715441819847
LIME,AsyncRAT,disk__parent_sections,disk,0.0018229408513968245
LIME,AsyncRAT,disk__parent_is_gui,disk,0.0
LIME,Black Suit,disk__parent_is_dotnet,disk,0.026497957824802874
LIME,Black Suit,memory__total_processes,memory,0.020863936586431448
LIME,Black Suit,disk__parent_size,disk,0.016739665422163253
LIME,Black Suit,disk__parent_is_i386,disk,0.011707907210320443
LIME,Black Suit,memory__n_created_dll,memory,0.010530700030722895
LIME,Black Suit,disk__size_delta,disk,0.009743514034560112
LIME,Black Suit,disk__path_len,disk,0.007559983374400005
LIME,Black Suit,memory__n_registry_hklm,memory,0.006229218718398999
LIME,Black Suit,disk__parent_sections,disk,0.0049706486125107715
LIME,Black Suit,network__n_public_ips,network,0.004303966603330332
LIME,Black Suit,network__mean_domain_entropy,network,0.004110163545417155
LIME,Black Suit,network__domains_per_conn,network,0.0040076089434028465
LIME,Black Suit,network__n_unique_ips,network,0.0033363617350506717
LIME,Black Suit,memory__n_created_tmp,memory,0.0032876495881606384
LIME,Black Suit,network__n_public_service_domains,network,0.0032711399568424067
LIME,Black Suit,memory__modules_count,memory,0.0032346224799293275
LIME,Black Suit,memory__path_entropy,memory,0.003174809763731392
LIME,Black Suit,memory__path_len,memory,0.002685835950891378
LIME,Black Suit,network__avg_domain_len,network,0.002512550857547188
LIME,Black Suit,network__n_unique_tlds,network,0.002179057809761481
LIME,Black Suit,disk__parent_is_gui,disk,0.0
LIME,CoinMiner,memory__total_processes,memory,0.03486620768668288
LIME,CoinMiner,disk__size_delta,disk,0.03282079452599869
LIME,CoinMiner,disk__parent_size,disk,0.029177033772396072
LIME,CoinMiner,memory__modules_count,memory,0.018551722795392432
LIME,CoinMiner,disk__parent_sections,disk,0.016011533569649773
LIME,CoinMiner,disk__parent_is_dotnet,disk,0.015158393687666943
LIME,CoinMiner,memory__n_created_dll,memory,0.013098508973903583
LIME,CoinMiner,disk__parent_is_i386,disk,0.010711101173385414
LIME,CoinMiner,network__n_public_ips,network,0.010045779425546186
LIME,CoinMiner,network__n_unique_ips,network,0.009527125290152908
LIME,CoinMiner,memory__n_registry_hklm,memory,0.008637201538669047
LIME,CoinMiner,network__n_public_service_domains,network,0.008260807778893644
LIME,CoinMiner,network__mean_domain_entropy,network,0.0071553237487133655
LIME,CoinMiner,network__avg_domain_len,network,0.0067711974267747445
LIME,CoinMiner,memory__n_created_tmp,memory,0.005504585928015258
LIME,CoinMiner,disk__path_len,disk,0.0049417377092976856
LIME,CoinMiner,memory__path_entropy,memory,0.004681849440926607
LIME,CoinMiner,network__domains_per_conn,network,0.004594841941604532
LIME,CoinMiner,memory__path_len,memory,0.0026223695822579106
LIME,CoinMiner,network__n_unique_tlds,network,0.0018358194519365572
LIME,CoinMiner,disk__parent_is_gui,disk,0.0
LIME,Kovter,memory__total_processes,memory,0.04919425141393859
LIME,Kovter,disk__parent_is_i386,disk,0.040005228959658246
LIME,Kovter,disk__parent_is_dotnet,disk,0.028636705581071113
LIME,Kovter,disk__parent_size,disk,0.02414978647920646
LIME,Kovter,memory__n_created_dll,memory,0.02402465351115241
LIME,Kovter,disk__size_delta,disk,0.023067713955923386
LIME,Kovter,disk__parent_sections,disk,0.015991599195998383
LIME,Kovter,memory__path_len,memory,0.01596423133235348
LIME,Kovter,network__n_public_ips,network,0.011113641996889207
LIME,Kovter,memory__n_registry_hklm,memory,0.010614210899097466
LIME,Kovter,network__n_unique_ips,network,0.010513245548839133
LIME,Kovter,network__mean_domain_entropy,network,0.00934188770716692
LIME,Kovter,disk__path_len,disk,0.00761158816520237
LIME,Kovter,network__avg_domain_len,network,0.006818598371283811
LIME,Kovter,memory__path_entropy,memory,0.006731577817161166
LIME,Kovter,network__domains_per_conn,network,0.005570726547059572
LIME,Kovter,network__n_unique_tlds,network,0.004444747883912115
LIME,Kovter,memory__modules_count,memory,0.004355127944501434
LIME,Kovter,memory__n_created_tmp,memory,0.0036080406499485007
LIME,Kovter,network__n_public_service_domains,network,0.0035872729523971506
LIME,Kovter,disk__parent_is_gui,disk,0.0
LIME,MedusaLocker,disk__parent_is_dotnet,disk,0.030835648732278443
LIME,MedusaLocker,memory__total_processes,memory,0.018952875188148706
LIME,MedusaLocker,disk__parent_is_i386,disk,0.014936055228155498
LIME,MedusaLocker,disk__parent_size,disk,0.014470526613975266
LIME,MedusaLocker,disk__size_delta,disk,0.01153491599955211
LIME,MedusaLocker,memory__n_created_dll,memory,0.009190097018715735
LIME,MedusaLocker,memory__n_registry_hklm,memory,0.0077133074935458595
LIME,MedusaLocker,disk__path_len,disk,0.005756742992965085
LIME,MedusaLocker,memory__n_created_tmp,memory,0.005643179732828687
LIME,MedusaLocker,disk__parent_sections,disk,0.0055490457805502085
LIME,MedusaLocker,network__n_public_ips,network,0.004876146852610121
LIME,MedusaLocker,memory__modules_count,memory,0.004313230281707213
LIME,MedusaLocker,network__avg_domain_len,network,0.0041408102307008655
LIME,MedusaLocker,network__n_unique_ips,network,0.003655289670574332
LIME,MedusaLocker,memory__path_len,memory,0.0030804063975339996
LIME,MedusaLocker,network__n_public_service_domains,network,0.0029394551683711544
LIME,MedusaLocker,network__n_unique_tlds,network,0.002894183532799231
LIME,MedusaLocker,memory__path_entropy,memory,0.0025427239231986592
LIME,MedusaLocker,network__mean_domain_entropy,network,0.002431331158780878
LIME,MedusaLocker,network__domains_per_conn,network,0.0019992396897192634
LIME,MedusaLocker,disk__parent_is_gui,disk,0.0
LIME,NanoCore,memory__total_processes,memory,0.06032792683240915
LIME,NanoCore,memory__n_created_dll,memory,0.04041566693089591
LIME,NanoCore,disk__parent_is_i386,disk,0.03703830475582256
LIME,NanoCore,disk__parent_is_dotnet,disk,0.029977405394202173
LIME,NanoCore,network__n_public_ips,network,0.029948580532366532
LIME,NanoCore,network__n_unique_ips,network,0.028590446105289397
LIME,NanoCore,disk__parent_size,disk,0.0273824881391212
LIME,NanoCore,disk__parent_sections,disk,0.02249427571290966
LIME,NanoCore,disk__size_delta,disk,0.015184263754860585
LIME,NanoCore,memory__n_created_tmp,memory,0.01474635714079752
LIME,NanoCore,disk__path_len,disk,0.014002789338835185
LIME,NanoCore,network__mean_domain_entropy,network,0.009802067539670193
LIME,NanoCore,network__n_public_service_domains,network,0.00968878563616768
LIME,NanoCore,network__avg_domain_len,network,0.007150798867157646
LIME,NanoCore,memory__n_registry_hklm,memory,0.006560588941254194
LIME,NanoCore,network__domains_per_conn,network,0.006192557260246184
LIME,NanoCore,network__n_unique_tlds,network,0.005894693988775143
LIME,NanoCore,memory__path_entropy,memory,0.005748526805034635
LIME,NanoCore,memory__modules_count,memory,0.004992113211589377
LIME,NanoCore,memory__path_len,memory,0.0033105210388265074
LIME,NanoCore,disk__parent_is_gui,disk,0.0
LIME,Phorpiex,disk__parent_size,disk,0.05016443777784816
LIME,Phorpiex,network__n_public_ips,network,0.036426989612199125
LIME,Phorpiex,memory__total_processes,memory,0.03434596206386886
LIME,Phorpiex,network__n_unique_ips,network,0.033713856773746866
LIME,Phorpiex,disk__parent_is_dotnet,disk,0.019749983409018262
LIME,Phorpiex,disk__size_delta,disk,0.01918887128950472
LIME,Phorpiex,memory__n_created_dll,memory,0.012179967379181325
LIME,Phorpiex,network__avg_domain_len,network,0.010223737068570412
LIME,Phorpiex,network__n_public_service_domains,network,0.00811173536489329
LIME,Phorpiex,network__mean_domain_entropy,network,0.007980938355168233
LIME,Phorpiex,memory__path_len,memory,0.007828933007167253
LIME,Phorpiex,memory__path_entropy,memory,0.006947436103856415
LIME,Phorpiex,memory__n_created_tmp,memory,0.0067695395557692785
LIME,Phorpiex,memory__n_registry_hklm,memory,0.006720246456779831
LIME,Phorpiex,network__n_unique_tlds,network,0.0065681188995451905
LIME,Phorpiex,network__domains_per_conn,network,0.006541543723273379
LIME,Phorpiex,disk__parent_sections,disk,0.00545051901405558
LIME,Phorpiex,memory__modules_count,memory,0.005100634245409957
LIME,Phorpiex,disk__path_len,disk,0.004078122195715252
LIME,Phorpiex,disk__parent_is_i386,disk,0.0034341323344860395
LIME,Phorpiex,disk__parent_is_gui,disk,0.0
LIME,QuasarRAT,memory__total_processes,memory,0.028359695565006594
LIME,QuasarRAT,memory__n_registry_hklm,memory,0.02423487863950899
LIME,QuasarRAT,memory__n_created_dll,memory,0.02237408118265232
LIME,QuasarRAT,disk__parent_is_i386,disk,0.016300728835341526
LIME,QuasarRAT,disk__parent_size,disk,0.012330121751365872
LIME,QuasarRAT,network__domains_per_conn,network,0.012184339194140137
LIME,QuasarRAT,disk__path_len,disk,0.011117739854393394
LIME,QuasarRAT,memory__modules_count,memory,0.009026076319892384
LIME,QuasarRAT,disk__size_delta,disk,0.008535741175784534
LIME,QuasarRAT,disk__parent_sections,disk,0.008339926654017109
LIME,QuasarRAT,memory__n_created_tmp,memory,0.007843630809108208
LIME,QuasarRAT,network__mean_domain_entropy,network,0.0064727955484875505
LIME,QuasarRAT,memory__path_entropy,memory,0.005913891956799543
LIME,QuasarRAT,network__n_unique_tlds,network,0.005753063625300127
LIME,QuasarRAT,network__avg_domain_len,network,0.005324368167751043
LIME,QuasarRAT,disk__parent_is_dotnet,disk,0.005286815042547837
LIME,QuasarRAT,network__n_unique_ips,network,0.002893304881071882
LIME,QuasarRAT,network__n_public_service_domains,network,0.002761272112317719
LIME,QuasarRAT,memory__path_len,memory,0.0025837856964305104
LIME,QuasarRAT,network__n_public_ips,network,0.001511613201971449
LIME,QuasarRAT,disk__parent_is_gui,disk,0.0
LIME,SalatStealer,disk__parent_is_i386,disk,0.046645936801054375
LIME,SalatStealer,memory__total_processes,memory,0.042765697818948255
LIME,SalatStealer,memory__modules_count,memory,0.027846135124086863
LIME,SalatStealer,disk__parent_size,disk,0.021724945242014057
LIME,SalatStealer,memory__n_registry_hklm,memory,0.017133608854615106
LIME,SalatStealer,network__n_public_service_domains,network,0.01600259296604845
LIME,SalatStealer,memory__n_created_dll,memory,0.014951432388203595
LIME,SalatStealer,disk__size_delta,disk,0.01372132903848602
LIME,SalatStealer,memory__n_created_tmp,memory,0.010464398336446953
LIME,SalatStealer,disk__path_len,disk,0.009664735215437228
LIME,SalatStealer,memory__path_entropy,memory,0.007129545435149612
LIME,SalatStealer,network__n_unique_ips,network,0.0070619465748702065
LIME,SalatStealer,network__domains_per_conn,network,0.006033374278572602
LIME,SalatStealer,network__avg_domain_len,network,0.005418514634489005
LIME,SalatStealer,memory__path_len,memory,0.0037406841643370173
LIME,SalatStealer,network__n_public_ips,network,0.003433067110224227
LIME,SalatStealer,network__mean_domain_entropy,network,0.0032774873694381506
LIME,SalatStealer,disk__parent_is_dotnet,disk,0.002976551957787063
LIME,SalatStealer,disk__parent_sections,disk,0.00201619102420096
LIME,SalatStealer,network__n_unique_tlds,network,0.0012184088171038547
LIME,SalatStealer,disk__parent_is_gui,disk,0.0
LIME,Socks5Systemz,disk__parent_sections,disk,0.03379893019737284
LIME,Socks5Systemz,memory__total_processes,memory,0.028551974494414503
LIME,Socks5Systemz,disk__parent_is_i386,disk,0.02849262878456475
LIME,Socks5Systemz,memory__n_created_dll,memory,0.019266057886226422
LIME,Socks5Systemz,disk__parent_is_dotnet,disk,0.01601029826321124
LIME,Socks5Systemz,disk__parent_size,disk,0.014628475885990474
LIME,Socks5Systemz,network__n_unique_ips,network,0.014334907967820143
LIME,Socks5Systemz,network__n_public_ips,network,0.014188950135161759
LIME,Socks5Systemz,disk__size_delta,disk,0.01138551257523105
LIME,Socks5Systemz,memory__n_created_tmp,memory,0.011303990858984654
LIME,Socks5Systemz,disk__path_len,disk,0.01084632775357587
LIME,Socks5Systemz,network__mean_domain_entropy,network,0.010768628026598358
LIME,Socks5Systemz,network__avg_domain_len,network,0.007999438406094335
LIME,Socks5Systemz,memory__n_registry_hklm,memory,0.0060680585525769585
LIME,Socks5Systemz,network__domains_per_conn,network,0.005515265768585747
LIME,Socks5Systemz,memory__modules_count,memory,0.0039314872292068506
LIME,Socks5Systemz,network__n_public_service_domains,network,0.0036298794785201314
LIME,Socks5Systemz,memory__path_entropy,memory,0.003430112633527299
LIME,Socks5Systemz,memory__path_len,memory,0.0025411514857400716
LIME,Socks5Systemz,network__n_unique_tlds,network,0.0020617929712051304
LIME,Socks5Systemz,disk__parent_is_gui,disk,0.0
LIME,Stealc,disk__parent_sections,disk,0.04101608969694447
LIME,Stealc,memory__total_processes,memory,0.032247326001163625
LIME,Stealc,memory__n_created_tmp,memory,0.02247612771269534
LIME,Stealc,disk__parent_is_dotnet,disk,0.01886800853370164
LIME,Stealc,network__n_unique_ips,network,0.012961236237638346
LIME,Stealc,network__n_unique_tlds,network,0.012700930242106792
LIME,Stealc,network__avg_domain_len,network,0.011091038243937052
LIME,Stealc,network__mean_domain_entropy,network,0.010745512109832748
LIME,Stealc,disk__size_delta,disk,0.009952178996076677
LIME,Stealc,disk__parent_size,disk,0.009751074595049725
LIME,Stealc,memory__n_registry_hklm,memory,0.008482386994517277
LIME,Stealc,network__domains_per_conn,network,0.008451200081530911
LIME,Stealc,memory__modules_count,memory,0.00841450612906684
LIME,Stealc,network__n_public_ips,network,0.007677441708377937
LIME,Stealc,disk__parent_is_i386,disk,0.006420688904068157
LIME,Stealc,memory__n_created_dll,memory,0.00630589533489231
LIME,Stealc,memory__path_entropy,memory,0.006231010127547672
LIME,Stealc,disk__path_len,disk,0.005864619500415441
LIME,Stealc,memory__path_len,memory,0.00348871584452404
LIME,Stealc,network__n_public_service_domains,network,0.0025931763040026147
LIME,Stealc,disk__parent_is_gui,disk,0.0
LIME,a310logger,memory__total_processes,memory,0.03190759317076345
LIME,a310logger,disk__path_len,disk,0.030345849569472505
LIME,a310logger,disk__parent_size,disk,0.02776126629313641
LIME,a310logger,disk__parent_is_i386,disk,0.024925489863157554
LIME,a310logger,disk__size_delta,disk,0.01665523593761442
LIME,a310logger,disk__parent_sections,disk,0.01106687341229311
LIME,a310logger,disk__parent_is_dotnet,disk,0.010344735880454729
LIME,a310logger,memory__n_created_dll,memory,0.008447031305560772
LIME,a310logger,memory__n_registry_hklm,memory,0.0068247377773877575
LIME,a310logger,network__n_public_ips,network,0.006337238749231935
LIME,a310logger,network__domains_per_conn,network,0.005729466699335302
LIME,a310logger,network__n_unique_ips,network,0.005621626623851947
LIME,a310logger,network__avg_domain_len,network,0.0055770241855315535
LIME,a310logger,memory__n_created_tmp,memory,0.005073437212800352
LIME,a310logger,network__n_unique_tlds,network,0.005036364423291206
LIME,a310logger,network__n_public_service_domains,network,0.004905104299554637
LIME,a310logger,network__mean_domain_entropy,network,0.004172196965524932
LIME,a310logger,memory__path_entropy,memory,0.0037100814390724412
LIME,a310logger,memory__path_len,memory,0.0033085684742519875
LIME,a310logger,memory__modules_count,memory,0.0032143452901853874
LIME,a310logger,disk__parent_is_gui,disk,0.0
LIME,agenttesla,memory__total_processes,memory,0.050351006850281724
LIME,agenttesla,disk__parent_is_dotnet,disk,0.03193545453233492
LIME,agenttesla,memory__n_created_dll,memory,0.02251701498023801
LIME,agenttesla,disk__size_delta,disk,0.021910071741124602
LIME,agenttesla,network__domains_per_conn,network,0.014386681438553739
LIME,agenttesla,network__avg_domain_len,network,0.009483645147072943
LIME,agenttesla,disk__parent_sections,disk,0.008905682705655749
LIME,agenttesla,network__n_unique_tlds,network,0.007407848604761418
LIME,agenttesla,network__n_public_ips,network,0.007191385771698681
LIME,agenttesla,disk__parent_size,disk,0.006470725238283366
LIME,agenttesla,network__n_unique_ips,network,0.006157902588055611
LIME,agenttesla,network__mean_domain_entropy,network,0.005837136824124246
LIME,agenttesla,disk__parent_is_i386,disk,0.005603889044545907
LIME,agenttesla,disk__path_len,disk,0.0053535083379151
LIME,agenttesla,memory__path_len,memory,0.005009014142901976
LIME,agenttesla,memory__path_entropy,memory,0.004724425090751556
LIME,agenttesla,memory__n_registry_hklm,memory,0.004022575738037795
LIME,agenttesla,network__n_public_service_domains,network,0.0030953678521771907
LIME,agenttesla,memory__modules_count,memory,0.00306740716916466
LIME,agenttesla,memory__n_created_tmp,memory,0.003050912437338269
LIME,agenttesla,disk__parent_is_gui,disk,0.0
LIME,lockbit,memory__total_processes,memory,0.12243169785998176
LIME,lockbit,disk__parent_size,disk,0.04969019209875809
LIME,lockbit,memory__n_created_dll,memory,0.04428378287378278
LIME,lockbit,disk__path_len,disk,0.03402233594267949
LIME,lockbit,disk__parent_is_i386,disk,0.01597617433731329
LIME,lockbit,disk__parent_sections,disk,0.01384328931762997
LIME,lockbit,network__n_public_ips,network,0.012618042258127177
LIME,lockbit,disk__size_delta,disk,0.012563405034183846
LIME,lockbit,network__n_unique_ips,network,0.010878380792659018
LIME,lockbit,memory__n_created_tmp,memory,0.008867083745503102
LIME,lockbit,network__domains_per_conn,network,0.008007384010943102
LIME,lockbit,memory__path_len,memory,0.006900681285729593
LIME,lockbit,network__mean_domain_entropy,network,0.0063924893026719755
LIME,lockbit,memory__modules_count,memory,0.006334740271902627
LIME,lockbit,network__n_public_service_domains,network,0.004989715402899258
LIME,lockbit,network__n_unique_tlds,network,0.004821996917575057
LIME,lockbit,memory__n_registry_hklm,memory,0.004728842346182985
LIME,lockbit,memory__path_entropy,memory,0.0040346341705657695
LIME,lockbit,network__avg_domain_len,network,0.003896097824619397
LIME,lockbit,disk__parent_is_dotnet,disk,0.0019226187687033602
LIME,lockbit,disk__parent_is_gui,disk,0.0
LIME,lumma,memory__total_processes,memory,0.11457822045354438
LIME,lumma,disk__size_delta,disk,0.06443370929604032
LIME,lumma,disk__parent_size,disk,0.059207089426882686
LIME,lumma,memory__n_created_dll,memory,0.03386983860023774
LIME,lumma,disk__parent_is_dotnet,disk,0.023260273012659236
LIME,lumma,disk__parent_sections,disk,0.02151382811960751
LIME,lumma,network__n_public_ips,network,0.015574628074207697
LIME,lumma,network__n_unique_ips,network,0.011386866528951217
LIME,lumma,disk__parent_is_i386,disk,0.010408050146005283
LIME,lumma,memory__n_registry_hklm,memory,0.009865920398680252
LIME,lumma,disk__path_len,disk,0.009797972512622303
LIME,lumma,network__domains_per_conn,network,0.00954931366093847
LIME,lumma,network__n_unique_tlds,network,0.008356053054230855
LIME,lumma,network__avg_domain_len,network,0.0077393093984421376
LIME,lumma,memory__n_created_tmp,memory,0.00746745872391053
LIME,lumma,network__n_public_service_domains,network,0.007236336663001322
LIME,lumma,network__mean_domain_entropy,network,0.007195201820672853
LIME,lumma,memory__modules_count,memory,0.006645192282337073
LIME,lumma,memory__path_len,memory,0.005213382457788778
LIME,lumma,memory__path_entropy,memory,0.001955061391751092
LIME,lumma,disk__parent_is_gui,disk,0.0
LIME,redline,memory__total_processes,memory,0.25916796250062024
LIME,redline,memory__n_created_dll,memory,0.094009192878894
LIME,redline,network__n_public_ips,network,0.03770010559560253
LIME,redline,network__n_unique_ips,network,0.03396489489307434
LIME,redline,disk__parent_is_i386,disk,0.02938632745438744
LIME,redline,network__domains_per_conn,network,0.020762412804469013
LIME,redline,disk__path_len,disk,0.017610067865803082
LIME,redline,network__avg_domain_len,network,0.016885683327400834
LIME,redline,disk__parent_sections,disk,0.016591958820499565
LIME,redline,disk__parent_is_dotnet,disk,0.015224445885789386
LIME,redline,memory__n_created_tmp,memory,0.013452388100138175
LIME,redline,memory__n_registry_hklm,memory,0.012333710464817701
LIME,redline,disk__parent_size,disk,0.012002956643982788
LIME,redline,memory__modules_count,memory,0.011249349176210595
LIME,redline,disk__size_delta,disk,0.011231355562022257
LIME,redline,network__mean_domain_entropy,network,0.010012441287261396
LIME,redline,memory__path_entropy,memory,0.008100581976180712
LIME,redline,network__n_public_service_domains,network,0.006975847330945218
LIME,redline,memory__path_len,memory,0.006733208737405569
LIME,redline,network__n_unique_tlds,network,0.005352651474530229
LIME,redline,disk__parent_is_gui,disk,0.0
LIME,wannacry,network__n_public_ips,network,0.15349886028514875
LIME,wannacry,network__n_unique_ips,network,0.14936327397236188
LIME,wannacry,memory__total_processes,memory,0.09231183576404377
LIME,wannacry,network__avg_domain_len,network,0.048838143115934665
LIME,wannacry,memory__n_created_dll,memory,0.033519767356634214
LIME,wannacry,disk__parent_is_i386,disk,0.024752215298561697
LIME,wannacry,disk__parent_is_dotnet,disk,0.01858878842872452
LIME,wannacry,disk__parent_size,disk,0.014698169774379188
LIME,wannacry,memory__n_registry_hklm,memory,0.014266750165603768
LIME,wannacry,network__mean_domain_entropy,network,0.013569757972420543
LIME,wannacry,disk__size_delta,disk,0.012975865766111472
LIME,wannacry,disk__parent_sections,disk,0.011350508670626987
LIME,wannacry,network__domains_per_conn,network,0.010074739098268953
LIME,wannacry,memory__path_entropy,memory,0.007387217836731783
LIME,wannacry,network__n_unique_tlds,network,0.0060820776268997925
LIME,wannacry,memory__path_len,memory,0.006034583883098843
LIME,wannacry,memory__n_created_tmp,memory,0.006019652703706299
LIME,wannacry,network__n_public_service_domains,network,0.0048877560780700895
LIME,wannacry,disk__path_len,disk,0.004660554869870295
LIME,wannacry,memory__modules_count,memory,0.003378013146221384
LIME,wannacry,disk__parent_is_gui,disk,0.0
SHAP,Akira,disk__parent_size,disk,0.07008116187325852
SHAP,Akira,disk__parent_is_dotnet,disk,0.06546561084509094
SHAP,Akira,disk__size_delta,disk,0.05754068585316967
SHAP,Akira,memory__total_processes,memory,0.05468237585399562
SHAP,Akira,memory__n_created_dll,memory,0.046548403624773194
SHAP,Akira,memory__n_registry_hklm,memory,0.03107478150233281
SHAP,Akira,disk__parent_is_i386,disk,0.030953510266963514
SHAP,Akira,disk__path_len,disk,0.03080656427275527
SHAP,Akira,disk__parent_sections,disk,0.024381795183324246
SHAP,Akira,memory__path_len,memory,0.02415310624868284
SHAP,Akira,memory__n_created_tmp,memory,0.024103259106387116
SHAP,Akira,memory__path_entropy,memory,0.01800678040550765
SHAP,Akira,network__avg_domain_len,network,0.015249329409896983
SHAP,Akira,network__mean_domain_entropy,network,0.013332655461730038
SHAP,Akira,memory__modules_count,memory,0.01299569592411351
SHAP,Akira,network__n_public_service_domains,network,0.011386377698025819
SHAP,Akira,network__n_public_ips,network,0.010545404074268284
SHAP,Akira,network__n_unique_ips,network,0.010316389238173006
SHAP,Akira,network__domains_per_conn,network,0.0065381675266294225
SHAP,Akira,network__n_unique_tlds,network,0.005961881450871453
SHAP,Akira,disk__parent_is_gui,disk,0.0014412105351593524
SHAP,AsyncRAT,disk__parent_size,disk,0.20355335196971397
SHAP,AsyncRAT,disk__parent_is_dotnet,disk,0.0855567487661185
SHAP,AsyncRAT,disk__size_delta,disk,0.06838640472898896
SHAP,AsyncRAT,memory__total_processes,memory,0.05683345055646386
SHAP,AsyncRAT,disk__parent_is_i386,disk,0.04996350411377752
SHAP,AsyncRAT,disk__path_len,disk,0.039086389283085415
SHAP,AsyncRAT,disk__parent_sections,disk,0.03864040096666599
SHAP,AsyncRAT,memory__n_created_dll,memory,0.03777683045425296
SHAP,AsyncRAT,memory__n_created_tmp,memory,0.0280260565224155
SHAP,AsyncRAT,memory__modules_count,memory,0.0208073945540686
SHAP,AsyncRAT,network__avg_domain_len,network,0.02036442371522021
SHAP,AsyncRAT,memory__n_registry_hklm,memory,0.017791052166578482
SHAP,AsyncRAT,network__mean_domain_entropy,network,0.01201192952710786
SHAP,AsyncRAT,network__n_unique_tlds,network,0.011575673189745145
SHAP,AsyncRAT,network__n_unique_ips,network,0.0112748694128592
SHAP,AsyncRAT,network__n_public_ips,network,0.010460007856169077
SHAP,AsyncRAT,memory__path_entropy,memory,0.006819081798041056
SHAP,AsyncRAT,network__n_public_service_domains,network,0.005602433180783464
SHAP,AsyncRAT,disk__parent_is_gui,disk,0.002616505102724146
SHAP,AsyncRAT,memory__path_len,memory,0.0025049256260863697
SHAP,AsyncRAT,network__domains_per_conn,network,0.0021911689328820427
SHAP,Black Suit,disk__parent_size,disk,0.05628407965316353
SHAP,Black Suit,disk__parent_is_dotnet,disk,0.05103867820426712
SHAP,Black Suit,disk__size_delta,disk,0.04198060929700072
SHAP,Black Suit,memory__total_processes,memory,0.04189021958917011
SHAP,Black Suit,disk__path_len,disk,0.0351208280995874
SHAP,Black Suit,disk__parent_is_i386,disk,0.02837811184244652
SHAP,Black Suit,disk__parent_sections,disk,0.026428468248911506
SHAP,Black Suit,memory__n_created_dll,memory,0.02170466582036178
SHAP,Black Suit,memory__n_registry_hklm,memory,0.01627967113092714
SHAP,Black Suit,memory__path_len,memory,0.016207786026389562
SHAP,Black Suit,memory__n_created_tmp,memory,0.015518938907322134
SHAP,Black Suit,memory__modules_count,memory,0.014910230812158401
SHAP,Black Suit,network__n_unique_ips,network,0.012595292181178708
SHAP,Black Suit,network__n_public_ips,network,0.012338925032461695
SHAP,Black Suit,network__n_unique_tlds,network,0.011262379403401466
SHAP,Black Suit,network__mean_domain_entropy,network,0.0106416947592315
SHAP,Black Suit,memory__path_entropy,memory,0.010321095206879332
SHAP,Black Suit,network__n_public_service_domains,network,0.0097397342177349
SHAP,Black Suit,network__avg_domain_len,network,0.007555112174942533
SHAP,Black Suit,network__domains_per_conn,network,0.006630620725219166
SHAP,Black Suit,disk__parent_is_gui,disk,0.0019038511315352489
SHAP,CoinMiner,disk__parent_size,disk,0.060274733309987436
SHAP,CoinMiner,disk__size_delta,disk,0.053974017946200825
SHAP,CoinMiner,disk__parent_sections,disk,0.040661030884855995
SHAP,CoinMiner,memory__total_processes,memory,0.040343973935435554
SHAP,CoinMiner,memory__n_registry_hklm,memory,0.034887368646318535
SHAP,CoinMiner,disk__parent_is_i386,disk,0.0294126380344839
SHAP,CoinMiner,disk__parent_is_dotnet,disk,0.029006525836457298
SHAP,CoinMiner,network__n_public_ips,network,0.028900847114771554
SHAP,CoinMiner,network__n_unique_ips,network,0.028707894456626266
SHAP,CoinMiner,memory__modules_count,memory,0.02593220158930291
SHAP,CoinMiner,network__mean_domain_entropy,network,0.016346395751417702
SHAP,CoinMiner,network__avg_domain_len,network,0.013022658527971364
SHAP,CoinMiner,memory__n_created_dll,memory,0.011021347871054769
SHAP,CoinMiner,memory__n_created_tmp,memory,0.00876569133221745
SHAP,CoinMiner,memory__path_entropy,memory,0.008074005055195049
SHAP,CoinMiner,disk__path_len,disk,0.007507218109994459
SHAP,CoinMiner,network__n_public_service_domains,network,0.005550161192814128
SHAP,CoinMiner,network__n_unique_tlds,network,0.004872083894746273
SHAP,CoinMiner,network__domains_per_conn,network,0.004183431117376169
SHAP,CoinMiner,memory__path_len,memory,0.003661281131820368
SHAP,CoinMiner,disk__parent_is_gui,disk,0.0016832872896880245
SHAP,Kovter,disk__parent_size,disk,0.12223675980322302
SHAP,Kovter,disk__size_delta,disk,0.11332998336281686
SHAP,Kovter,disk__parent_is_i386,disk,0.06862048693552994
SHAP,Kovter,memory__total_processes,memory,0.0681635965568153
SHAP,Kovter,disk__parent_is_dotnet,disk,0.043834508238001786
SHAP,Kovter,disk__parent_sections,disk,0.03723360507451736
SHAP,Kovter,network__n_public_ips,network,0.028463456300680052
SHAP,Kovter,network__n_unique_ips,network,0.02606848211012672
SHAP,Kovter,memory__n_created_dll,memory,0.020596363135830204
SHAP,Kovter,memory__n_registry_hklm,memory,0.020211491961173826
SHAP,Kovter,memory__n_created_tmp,memory,0.01605998417173743
SHAP,Kovter,network__domains_per_conn,network,0.015588563816486836
SHAP,Kovter,network__mean_domain_entropy,network,0.015110483973128168
SHAP,Kovter,network__avg_domain_len,network,0.01408596167276922
SHAP,Kovter,disk__path_len,disk,0.012955125847286997
SHAP,Kovter,disk__parent_is_gui,disk,0.011287726917352085
SHAP,Kovter,memory__path_entropy,memory,0.009669958290849656
SHAP,Kovter,memory__modules_count,memory,0.009659764762617675
SHAP,Kovter,network__n_unique_tlds,network,0.007035513573984415
SHAP,Kovter,network__n_public_service_domains,network,0.0051436018033087045
SHAP,Kovter,memory__path_len,memory,0.00504417544335086
SHAP,MedusaLocker,disk__parent_is_dotnet,disk,0.06984256027581723
SHAP,MedusaLocker,disk__parent_size,disk,0.06495929322564498
SHAP,MedusaLocker,memory__total_processes,memory,0.047337869576133125
SHAP,MedusaLocker,memory__n_registry_hklm,memory,0.041397612779652204
SHAP,MedusaLocker,disk__size_delta,disk,0.04096999188611751
SHAP,MedusaLocker,disk__parent_is_i386,disk,0.029579239965316407
SHAP,MedusaLocker,memory__n_created_tmp,memory,0.02754213283820369
SHAP,MedusaLocker,memory__n_created_dll,memory,0.02752048932769129
SHAP,MedusaLocker,memory__path_len,memory,0.026293420440703163
SHAP,MedusaLocker,disk__parent_sections,disk,0.024003210403144216
SHAP,MedusaLocker,memory__modules_count,memory,0.018950698729528998
SHAP,MedusaLocker,disk__path_len,disk,0.016792305641318957
SHAP,MedusaLocker,memory__path_entropy,memory,0.015855172455957346
SHAP,MedusaLocker,network__n_public_ips,network,0.011941019241473078
SHAP,MedusaLocker,network__n_unique_ips,network,0.011713630302115346
SHAP,MedusaLocker,network__mean_domain_entropy,network,0.01112233504900867
SHAP,MedusaLocker,network__n_unique_tlds,network,0.009988304157196884
SHAP,MedusaLocker,network__avg_domain_len,network,0.008122999543880096
SHAP,MedusaLocker,network__domains_per_conn,network,0.006035759752618065
SHAP,MedusaLocker,network__n_public_service_domains,network,0.003173721654439802
SHAP,MedusaLocker,disk__parent_is_gui,disk,0.0010906046679425635
SHAP,NanoCore,disk__parent_size,disk,0.0975922269786208
SHAP,NanoCore,disk__parent_is_i386,disk,0.08891647352276698
SHAP,NanoCore,disk__parent_sections,disk,0.06856704400271264
SHAP,NanoCore,memory__total_processes,memory,0.063277570821108
SHAP,NanoCore,disk__size_delta,disk,0.05793371551176477
SHAP,NanoCore,memory__n_created_dll,memory,0.04545919614322456
SHAP,NanoCore,disk__path_len,disk,0.03726338329682276
SHAP,NanoCore,network__n_public_ips,network,0.03464059936960324
SHAP,NanoCore,network__n_unique_ips,network,0.03395644821491121
SHAP,NanoCore,memory__n_created_tmp,memory,0.025191525766853018
SHAP,NanoCore,disk__parent_is_dotnet,disk,0.01840611200078735
SHAP,NanoCore,memory__n_registry_hklm,memory,0.015726240320703702
SHAP,NanoCore,memory__modules_count,memory,0.013665476608582732
SHAP,NanoCore,network__avg_domain_len,network,0.013196556732495137
SHAP,NanoCore,network__mean_domain_entropy,network,0.011471497928411026
SHAP,NanoCore,network__n_public_service_domains,network,0.006575129033898508
SHAP,NanoCore,memory__path_len,memory,0.005381022975350644
SHAP,NanoCore,network__domains_per_conn,network,0.004887867541750772
SHAP,NanoCore,memory__path_entropy,memory,0.004885974096865829
SHAP,NanoCore,disk__parent_is_gui,disk,0.004649475124243084
SHAP,NanoCore,network__n_unique_tlds,network,0.0044373098744574
SHAP,Phorpiex,disk__parent_size,disk,0.3005465728282449
SHAP,Phorpiex,network__n_unique_ips,network,0.07875006775747388
SHAP,Phorpiex,network__n_public_ips,network,0.07507538027123287
SHAP,Phorpiex,disk__parent_is_dotnet,disk,0.06234015667333681
SHAP,Phorpiex,disk__size_delta,disk,0.05980860348584625
SHAP,Phorpiex,memory__total_processes,memory,0.05292576165689819
SHAP,Phorpiex,network__avg_domain_len,network,0.03035172119698488
SHAP,Phorpiex,memory__n_created_dll,memory,0.020526332401161793
SHAP,Phorpiex,disk__parent_sections,disk,0.01881714785376137
SHAP,Phorpiex,network__mean_domain_entropy,network,0.017693466617985293
SHAP,Phorpiex,memory__n_registry_hklm,memory,0.015146686900586279
SHAP,Phorpiex,disk__parent_is_i386,disk,0.013810664625608244
SHAP,Phorpiex,network__domains_per_conn,network,0.011970782460164078
SHAP,Phorpiex,memory__n_created_tmp,memory,0.010835381771559802
SHAP,Phorpiex,disk__parent_is_gui,disk,0.009175364914231975
SHAP,Phorpiex,network__n_unique_tlds,network,0.00659846526207674
SHAP,Phorpiex,memory__modules_count,memory,0.005489491772134723
SHAP,Phorpiex,memory__path_entropy,memory,0.004669193908756188
SHAP,Phorpiex,memory__path_len,memory,0.003991344866494838
SHAP,Phorpiex,disk__path_len,disk,0.003883645552737859
SHAP,Phorpiex,network__n_public_service_domains,network,0.002278625138569397
SHAP,QuasarRAT,disk__parent_size,disk,0.13389395471543583
SHAP,QuasarRAT,memory__n_registry_hklm,memory,0.0944268730449697
SHAP,QuasarRAT,disk__size_delta,disk,0.09108293378811974
SHAP,QuasarRAT,memory__total_processes,memory,0.0501739773430306
SHAP,QuasarRAT,disk__parent_is_dotnet,disk,0.05013332845529433
SHAP,QuasarRAT,memory__n_created_dll,memory,0.04723205541061627
SHAP,QuasarRAT,memory__n_created_tmp,memory,0.046740837623878255
SHAP,QuasarRAT,disk__parent_is_i386,disk,0.04323070577932873
SHAP,QuasarRAT,memory__modules_count,memory,0.03252938249157623
SHAP,QuasarRAT,disk__path_len,disk,0.029087786855565092
SHAP,QuasarRAT,memory__path_len,memory,0.01657551186666123
SHAP,QuasarRAT,network__domains_per_conn,network,0.015707670795918213
SHAP,QuasarRAT,network__mean_domain_entropy,network,0.011733944421456272
SHAP,QuasarRAT,disk__parent_sections,disk,0.01124888162234793
SHAP,QuasarRAT,network__avg_domain_len,network,0.011034644194803923
SHAP,QuasarRAT,memory__path_entropy,memory,0.0066574591380383795
SHAP,QuasarRAT,network__n_unique_tlds,network,0.005476179214729739
SHAP,QuasarRAT,network__n_public_ips,network,0.004670545572989877
SHAP,QuasarRAT,network__n_unique_ips,network,0.004663160077351547
SHAP,QuasarRAT,network__n_public_service_domains,network,0.0012855181935093921
SHAP,QuasarRAT,disk__parent_is_gui,disk,0.0002956255340422322
SHAP,SalatStealer,disk__parent_size,disk,0.08364368341975888
SHAP,SalatStealer,memory__modules_count,memory,0.07375701118078486
SHAP,SalatStealer,memory__n_registry_hklm,memory,0.06994016261366866
SHAP,SalatStealer,disk__size_delta,disk,0.06201550886085131
SHAP,SalatStealer,memory__total_processes,memory,0.06163874906341268
SHAP,SalatStealer,disk__parent_is_i386,disk,0.04437154283149266
SHAP,SalatStealer,memory__n_created_tmp,memory,0.04059385510695242
SHAP,SalatStealer,memory__n_created_dll,memory,0.037276945940674364
SHAP,SalatStealer,disk__parent_sections,disk,0.030812558540979102
SHAP,SalatStealer,disk__parent_is_dotnet,disk,0.022246173576990755
SHAP,SalatStealer,network__n_unique_ips,network,0.019130933266237528
SHAP,SalatStealer,network__n_public_service_domains,network,0.01894191532772905
SHAP,SalatStealer,disk__path_len,disk,0.018760882653901377
SHAP,SalatStealer,network__n_public_ips,network,0.018692980433443723
SHAP,SalatStealer,memory__path_entropy,memory,0.017442922797634042
SHAP,SalatStealer,network__domains_per_conn,network,0.013184703218395244
SHAP,SalatStealer,network__avg_domain_len,network,0.0092817063645289
SHAP,SalatStealer,network__mean_domain_entropy,network,0.00865133284037426
SHAP,SalatStealer,disk__parent_is_gui,disk,0.007734564094710255
SHAP,SalatStealer,memory__path_len,memory,0.0065317942093361895
SHAP,SalatStealer,network__n_unique_tlds,network,0.005930334407087432
SHAP,Socks5Systemz,disk__parent_sections,disk,0.20279795184786498
SHAP,Socks5Systemz,disk__parent_size,disk,0.09904442948453587
SHAP,Socks5Systemz,disk__path_len,disk,0.07121446140656197
SHAP,Socks5Systemz,disk__parent_is_i386,disk,0.06954838175067006
SHAP,Socks5Systemz,disk__size_delta,disk,0.056139350915115745
SHAP,Socks5Systemz,memory__total_processes,memory,0.055825076513750044
SHAP,Socks5Systemz,memory__n_created_dll,memory,0.04374750513492716
SHAP,Socks5Systemz,disk__parent_is_dotnet,disk,0.042812000526947946
SHAP,Socks5Systemz,memory__n_created_tmp,memory,0.024002031149030392
SHAP,Socks5Systemz,network__n_unique_ips,network,0.015220183996493442
SHAP,Socks5Systemz,memory__n_registry_hklm,memory,0.014917848894576502
SHAP,Socks5Systemz,memory__modules_count,memory,0.014282993779108282
SHAP,Socks5Systemz,network__n_public_ips,network,0.014014787537107585
SHAP,Socks5Systemz,network__avg_domain_len,network,0.013591995070996182
SHAP,Socks5Systemz,network__n_public_service_domains,network,0.009130719904263595
SHAP,Socks5Systemz,network__mean_domain_entropy,network,0.007765077727768955
SHAP,Socks5Systemz,memory__path_entropy,memory,0.003583514127865582
SHAP,Socks5Systemz,network__domains_per_conn,network,0.003561095955339019
SHAP,Socks5Systemz,disk__parent_is_gui,disk,0.0028773890013609983
SHAP,Socks5Systemz,network__n_unique_tlds,network,0.002770898936836274
SHAP,Socks5Systemz,memory__path_len,memory,0.0018163748415576822
SHAP,Stealc,disk__parent_sections,disk,0.1279766450562499
SHAP,Stealc,disk__parent_size,disk,0.06949986558974605
SHAP,Stealc,memory__n_created_tmp,memory,0.05645501443189414
SHAP,Stealc,memory__total_processes,memory,0.055208597008185326
SHAP,Stealc,disk__parent_is_i386,disk,0.04676098279941224
SHAP,Stealc,disk__parent_is_dotnet,disk,0.04142605572197377
SHAP,Stealc,disk__size_delta,disk,0.04101372154666018
SHAP,Stealc,disk__parent_is_gui,disk,0.03984570841792084
SHAP,Stealc,disk__path_len,disk,0.029785746050743134
SHAP,Stealc,memory__n_created_dll,memory,0.02650167584833747
SHAP,Stealc,network__mean_domain_entropy,network,0.026382528664426023
SHAP,Stealc,network__n_unique_tlds,network,0.024177202845672676
SHAP,Stealc,network__avg_domain_len,network,0.02349910259806519
SHAP,Stealc,memory__n_registry_hklm,memory,0.022191968318768594
SHAP,Stealc,network__n_unique_ips,network,0.01924062934337945
SHAP,Stealc,network__n_public_ips,network,0.01850387746267365
SHAP,Stealc,network__domains_per_conn,network,0.017889121876927188
SHAP,Stealc,memory__modules_count,memory,0.0168379402737439
SHAP,Stealc,memory__path_len,memory,0.010193902412322726
SHAP,Stealc,network__n_public_service_domains,network,0.007698195643893796
SHAP,Stealc,memory__path_entropy,memory,0.004237763208090915
SHAP,a310logger,disk__parent_size,disk,0.14521850476812528
SHAP,a310logger,disk__path_len,disk,0.09911179435180842
SHAP,a310logger,disk__size_delta,disk,0.08471158242833085
SHAP,a310logger,disk__parent_is_i386,disk,0.0568317815202547
SHAP,a310logger,memory__total_processes,memory,0.05402893400270729
SHAP,a310logger,disk__parent_is_dotnet,disk,0.04394168692298028
SHAP,a310logger,memory__n_created_dll,memory,0.0358033827551903
SHAP,a310logger,disk__parent_sections,disk,0.03308343303158351
SHAP,a310logger,memory__n_registry_hklm,memory,0.032290894079750554
SHAP,a310logger,network__domains_per_conn,network,0.027371575133152963
SHAP,a310logger,memory__n_created_tmp,memory,0.018018777725958574
SHAP,a310logger,network__mean_domain_entropy,network,0.01585806303920284
SHAP,a310logger,network__n_public_ips,network,0.013688519192955217
SHAP,a310logger,memory__modules_count,memory,0.013320624813764729
SHAP,a310logger,network__avg_domain_len,network,0.01295084825431227
SHAP,a310logger,network__n_unique_ips,network,0.012866785708882828
SHAP,a310logger,network__n_unique_tlds,network,0.00895242763733516
SHAP,a310logger,memory__path_len,memory,0.007609226386753194
SHAP,a310logger,memory__path_entropy,memory,0.003302502867668354
SHAP,a310logger,network__n_public_service_domains,network,0.0021850684323735923
SHAP,a310logger,disk__parent_is_gui,disk,0.0018953500443716575
SHAP,agenttesla,memory__total_processes,memory,0.16046275261187418
SHAP,agenttesla,memory__n_created_dll,memory,0.11040628523066416
SHAP,agenttesla,disk__parent_is_dotnet,disk,0.06884707813152358
SHAP,agenttesla,disk__size_delta,disk,0.04434313469421288
SHAP,agenttesla,network__domains_per_conn,network,0.04022895541216901
SHAP,agenttesla,disk__parent_size,disk,0.0395068308620392
SHAP,agenttesla,disk__path_len,disk,0.029382133900040918
SHAP,agenttesla,disk__parent_is_i386,disk,0.02910413453043457
SHAP,agenttesla,disk__parent_sections,disk,0.0289891805157588
SHAP,agenttesla,network__avg_domain_len,network,0.02856369401564861
SHAP,agenttesla,memory__n_registry_hklm,memory,0.02803690806554595
SHAP,agenttesla,network__mean_domain_entropy,network,0.022550369816745096
SHAP,agenttesla,memory__path_len,memory,0.01835522916352079
SHAP,agenttesla,memory__path_entropy,memory,0.017444467248367602
SHAP,agenttesla,network__n_unique_tlds,network,0.015897110794740956
SHAP,agenttesla,memory__n_created_tmp,memory,0.01586579181164719
SHAP,agenttesla,network__n_public_ips,network,0.010539115237133417
SHAP,agenttesla,memory__modules_count,memory,0.010199095519869555
SHAP,agenttesla,network__n_unique_ips,network,0.009985051108792517
SHAP,agenttesla,disk__parent_is_gui,disk,0.001987617621022503
SHAP,agenttesla,network__n_public_service_domains,network,0.0003833197577472388
SHAP,lockbit,memory__total_processes,memory,0.16027011571991612
SHAP,lockbit,disk__parent_size,disk,0.11159873931935295
SHAP,lockbit,memory__n_created_dll,memory,0.0951704152216123
SHAP,lockbit,disk__path_len,disk,0.08081774428095885
SHAP,lockbit,disk__parent_is_i386,disk,0.05062642617316913
SHAP,lockbit,disk__size_delta,disk,0.039969470496602655
SHAP,lockbit,disk__parent_sections,disk,0.03933650577763416
SHAP,lockbit,disk__parent_is_dotnet,disk,0.021532132866866366
SHAP,lockbit,network__avg_domain_len,network,0.014363598375441084
SHAP,lockbit,memory__n_created_tmp,memory,0.01368238716426362
SHAP,lockbit,network__domains_per_conn,network,0.011854127412877937
SHAP,lockbit,memory__n_registry_hklm,memory,0.01138343858212499
SHAP,lockbit,network__n_unique_tlds,network,0.010055453445109426
SHAP,lockbit,memory__path_entropy,memory,0.010036341520058969
SHAP,lockbit,network__mean_domain_entropy,network,0.00917362249045669
SHAP,lockbit,network__n_public_ips,network,0.009057778943217564
SHAP,lockbit,memory__path_len,memory,0.0075337047698924055
SHAP,lockbit,memory__modules_count,memory,0.007494007634487607
SHAP,lockbit,network__n_unique_ips,network,0.00620495519528429
SHAP,lockbit,disk__parent_is_gui,disk,0.0011411509137328898
SHAP,lockbit,network__n_public_service_domains,network,0.0004172547299933295
SHAP,lumma,memory__total_processes,memory,0.16849579409104087
SHAP,lumma,disk__size_delta,disk,0.10528802117273599
SHAP,lumma,disk__parent_size,disk,0.10162742672531508
SHAP,lumma,memory__n_created_dll,memory,0.07195060903156815
SHAP,lumma,disk__parent_sections,disk,0.06719831735815311
SHAP,lumma,disk__path_len,disk,0.02584299916462145
SHAP,lumma,network__domains_per_conn,network,0.022823885557779866
SHAP,lumma,disk__parent_is_i386,disk,0.022140718946589484
SHAP,lumma,disk__parent_is_dotnet,disk,0.019426000196837018
SHAP,lumma,network__n_public_ips,network,0.013218582875500132
SHAP,lumma,network__n_unique_ips,network,0.01212117258497702
SHAP,lumma,network__avg_domain_len,network,0.011980530705025989
SHAP,lumma,disk__parent_is_gui,disk,0.010420622766682552
SHAP,lumma,memory__n_registry_hklm,memory,0.010211635271141991
SHAP,lumma,memory__n_created_tmp,memory,0.01005313931607468
SHAP,lumma,memory__modules_count,memory,0.008404128165516802
SHAP,lumma,network__mean_domain_entropy,network,0.007789291563247201
SHAP,lumma,network__n_unique_tlds,network,0.00657802391698617
SHAP,lumma,memory__path_entropy,memory,0.003227765088318656
SHAP,lumma,memory__path_len,memory,0.003124067484797013
SHAP,lumma,network__n_public_service_domains,network,0.0018872529897736245
SHAP,redline,memory__total_processes,memory,0.2098469283521635
SHAP,redline,memory__n_created_dll,memory,0.13070635311924
SHAP,redline,disk__parent_size,disk,0.0761753137345088
SHAP,redline,disk__path_len,disk,0.05428626613703043
SHAP,redline,disk__size_delta,disk,0.05098085600871708
SHAP,redline,network__domains_per_conn,network,0.03680188695793622
SHAP,redline,disk__parent_sections,disk,0.03597206658268075
SHAP,redline,network__avg_domain_len,network,0.030818794957038244
SHAP,redline,network__mean_domain_entropy,network,0.027139259168750318
SHAP,redline,network__n_public_ips,network,0.024555668095772774
SHAP,redline,network__n_unique_ips,network,0.02426530468781753
SHAP,redline,disk__parent_is_i386,disk,0.021848539325221718
SHAP,redline,disk__parent_is_dotnet,disk,0.017222031029579664
SHAP,redline,network__n_unique_tlds,network,0.014825160391047818
SHAP,redline,memory__n_registry_hklm,memory,0.014793054802305658
SHAP,redline,memory__modules_count,memory,0.014327778289422614
SHAP,redline,memory__n_created_tmp,memory,0.012735738618434873
SHAP,redline,memory__path_entropy,memory,0.010678102101102918
SHAP,redline,memory__path_len,memory,0.009393591965397064
SHAP,redline,disk__parent_is_gui,disk,0.004548357827331714
SHAP,redline,network__n_public_service_domains,network,0.0009191738028639925
SHAP,wannacry,network__avg_domain_len,network,0.14095000291132456
SHAP,wannacry,network__n_public_ips,network,0.13839741665495212
SHAP,wannacry,network__n_unique_ips,network,0.1340907362655493
SHAP,wannacry,memory__total_processes,memory,0.13247227447169835
SHAP,wannacry,network__mean_domain_entropy,network,0.07703632321258809
SHAP,wannacry,memory__n_created_dll,memory,0.07249202480163429
SHAP,wannacry,disk__parent_size,disk,0.052137608594933264
SHAP,wannacry,disk__size_delta,disk,0.035592100176117115
SHAP,wannacry,disk__parent_is_i386,disk,0.02143047806049877
SHAP,wannacry,network__domains_per_conn,network,0.018115973954700017
SHAP,wannacry,memory__n_registry_hklm,memory,0.016200359698351895
SHAP,wannacry,disk__parent_sections,disk,0.015342379931420999
SHAP,wannacry,disk__parent_is_dotnet,disk,0.013662501932312665
SHAP,wannacry,disk__path_len,disk,0.00686840031764787
SHAP,wannacry,network__n_unique_tlds,network,0.005635990314921353
SHAP,wannacry,memory__modules_count,memory,0.003686076766966235
SHAP,wannacry,memory__path_len,memory,0.0030445866770841355
SHAP,wannacry,memory__n_created_tmp,memory,0.002350167547394591
SHAP,wannacry,disk__parent_is_gui,disk,0.0019005518150470467
SHAP,wannacry,memory__path_entropy,memory,0.0013567216570162621
SHAP,wannacry,network__n_public_service_domains,network,0.0010004804378167663
SRC,Akira,disk__size_delta,disk,0.06634069970658447
SRC,Akira,network__avg_domain_len,network,0.06463829351129437
SRC,Akira,disk__path_len,disk,0.059109983311117456
SRC,Akira,memory__n_created_tmp,memory,0.051075082899465586
SRC,Akira,disk__parent_size,disk,0.04407669783687964
SRC,Akira,memory__n_registry_hklm,memory,0.04074525221484117
SRC,Akira,memory__path_len,memory,0.0400556017831855
SRC,Akira,memory__modules_count,memory,0.037626520778936266
SRC,Akira,network__domains_per_conn,network,0.0368095637057642
SRC,Akira,network__mean_domain_entropy,network,0.030727271479507424
SRC,Akira,network__n_unique_tlds,network,0.028104615142865375
SRC,Akira,memory__total_processes,memory,0.0262180300775522
SRC,Akira,disk__parent_is_i386,disk,0.024238669574250516
SRC,Akira,disk__parent_is_dotnet,disk,0.021197122991012264
SRC,Akira,network__n_public_service_domains,network,0.017916365534919286
SRC,Akira,memory__n_created_dll,memory,0.016381219213559284
SRC,Akira,memory__path_entropy,memory,0.015884554148518425
SRC,Akira,network__n_unique_ips,network,0.015562587746855372
SRC,Akira,network__n_public_ips,network,0.015562388511892506
SRC,Akira,disk__parent_is_gui,disk,0.015441572729004288
SRC,Akira,disk__parent_sections,disk,0.009093052597288242
SRC,AsyncRAT,disk__path_len,disk,0.11810880996618286
SRC,AsyncRAT,memory__total_processes,memory,0.09545630138138864
SRC,AsyncRAT,disk__size_delta,disk,0.0604701336976422
SRC,AsyncRAT,network__mean_domain_entropy,network,0.053967276074818715
SRC,AsyncRAT,network__n_unique_tlds,network,0.04161079439767
SRC,AsyncRAT,network__avg_domain_len,network,0.038232559284521773
SRC,AsyncRAT,memory__n_created_dll,memory,0.03715046437932192
SRC,AsyncRAT,disk__parent_sections,disk,0.034590796389152925
SRC,AsyncRAT,memory__n_registry_hklm,memory,0.0284098836007185
SRC,AsyncRAT,memory__path_entropy,memory,0.02656345639908787
SRC,AsyncRAT,memory__modules_count,memory,0.026102083841972566
SRC,AsyncRAT,memory__n_created_tmp,memory,0.021609805917678294
SRC,AsyncRAT,disk__parent_is_dotnet,disk,0.020710271770663424
SRC,AsyncRAT,network__n_public_service_domains,network,0.018114707410562793
SRC,AsyncRAT,memory__path_len,memory,0.018019145298931605
SRC,AsyncRAT,network__n_unique_ips,network,0.01611276972994426
SRC,AsyncRAT,network__n_public_ips,network,0.01611255785848304
SRC,AsyncRAT,disk__parent_is_gui,disk,0.015893907048848605
SRC,AsyncRAT,disk__parent_size,disk,0.014250359936818498
SRC,AsyncRAT,network__domains_per_conn,network,0.013831711746004463
SRC,AsyncRAT,disk__parent_is_i386,disk,0.005925932178448545
SRC,Black Suit,memory__n_created_tmp,memory,0.1099810020381998
SRC,Black Suit,network__domains_per_conn,network,0.10444583293914796
SRC,Black Suit,disk__size_delta,disk,0.08043567611464968
SRC,Black Suit,memory__path_entropy,memory,0.06756095135161774
SRC,Black Suit,memory__modules_count,memory,0.06331671237386513
SRC,Black Suit,memory__path_len,memory,0.05796645784546843
SRC,Black Suit,network__mean_domain_entropy,network,0.05769036136931893
SRC,Black Suit,network__avg_domain_len,network,0.05706646441241818
SRC,Black Suit,network__n_unique_tlds,network,0.05481698335637035
SRC,Black Suit,disk__path_len,disk,0.05301263241733188
SRC,Black Suit,memory__n_registry_hklm,memory,0.041753027236270154
SRC,Black Suit,memory__total_processes,memory,0.03819412639367309
SRC,Black Suit,disk__parent_size,disk,0.035383353756623395
SRC,Black Suit,memory__n_created_dll,memory,0.03215686963264095
SRC,Black Suit,disk__parent_is_dotnet,disk,0.0306787293338169
SRC,Black Suit,disk__parent_is_i386,disk,0.027186833279032707
SRC,Black Suit,disk__parent_is_gui,disk,0.01465485159420496
SRC,Black Suit,network__n_unique_ips,network,0.014552359124543562
SRC,Black Suit,network__n_public_ips,network,0.014552145255386607
SRC,Black Suit,network__n_public_service_domains,network,0.014196695746227306
SRC,Black Suit,disk__parent_sections,disk,0.009767719185050695
SRC,CoinMiner,disk__path_len,disk,0.3470320613737927
SRC,CoinMiner,disk__parent_is_dotnet,disk,0.3414458220884609
SRC,CoinMiner,network__domains_per_conn,network,0.3094598800245589
SRC,CoinMiner,memory__total_processes,memory,0.301873946045102
SRC,CoinMiner,network__mean_domain_entropy,network,0.254183921661548
SRC,CoinMiner,network__avg_domain_len,network,0.23362830401426554
SRC,CoinMiner,disk__parent_is_gui,disk,0.2009067105600682
SRC,CoinMiner,disk__parent_is_i386,disk,0.1972739263671902
SRC,CoinMiner,memory__path_entropy,memory,0.19061718940924965
SRC,CoinMiner,disk__size_delta,disk,0.17842189355611932
SRC,CoinMiner,memory__n_registry_hklm,memory,0.16090441961850335
SRC,CoinMiner,memory__n_created_dll,memory,0.1541249800057301
SRC,CoinMiner,network__n_public_service_domains,network,0.15375545389673537
SRC,CoinMiner,disk__parent_sections,disk,0.15011417685800907
SRC,CoinMiner,memory__path_len,memory,0.14164583796200697
SRC,CoinMiner,disk__parent_size,disk,0.12375798044739357
SRC,CoinMiner,network__n_unique_tlds,network,0.11160575419829946
SRC,CoinMiner,memory__modules_count,memory,0.09379165159510498
SRC,CoinMiner,memory__n_created_tmp,memory,0.07931170117368214
SRC,CoinMiner,network__n_public_ips,network,0.07781203344537764
SRC,CoinMiner,network__n_unique_ips,network,0.07780735859580834
SRC,Kovter,disk__parent_is_gui,disk,0.6065681890150147
SRC,Kovter,network__n_public_service_domains,network,0.2261874971393683
SRC,Kovter,network__avg_domain_len,network,0.21347780552294454
SRC,Kovter,network__mean_domain_entropy,network,0.18886088439049137
SRC,Kovter,network__domains_per_conn,network,0.17646279182886576
SRC,Kovter,disk__parent_is_dotnet,disk,0.14914194041324305
SRC,Kovter,disk__size_delta,disk,0.1425868623004449
SRC,Kovter,memory__total_processes,memory,0.12504934446194846
SRC,Kovter,disk__parent_size,disk,0.1227240451356024
SRC,Kovter,memory__n_registry_hklm,memory,0.11893922779357458
SRC,Kovter,disk__parent_is_i386,disk,0.11106162367905179
SRC,Kovter,memory__n_created_dll,memory,0.08992729512907005
SRC,Kovter,memory__n_created_tmp,memory,0.0877110577310612
SRC,Kovter,disk__path_len,disk,0.08339934244574536
SRC,Kovter,disk__parent_sections,disk,0.07549794168612987
SRC,Kovter,network__n_unique_ips,network,0.07399896256657866
SRC,Kovter,network__n_public_ips,network,0.0739982652962493
SRC,Kovter,memory__path_len,memory,0.0731985702241039
SRC,Kovter,memory__path_entropy,memory,0.054221004859048315
SRC,Kovter,network__n_unique_tlds,network,0.031643243373970995
SRC,Kovter,memory__modules_count,memory,0.03098692820922592
SRC,MedusaLocker,memory__n_created_tmp,memory,0.10164239868442063
SRC,MedusaLocker,network__avg_domain_len,network,0.08451329601420834
SRC,MedusaLocker,network__domains_per_conn,network,0.08315423085304294
SRC,MedusaLocker,disk__size_delta,disk,0.07840156051572941
SRC,MedusaLocker,memory__modules_count,memory,0.06939024110127234
SRC,MedusaLocker,memory__path_entropy,memory,0.06592835623669697
SRC,MedusaLocker,disk__parent_is_i386,disk,0.060739714460460184
SRC,MedusaLocker,network__mean_domain_entropy,network,0.054147554894950226
SRC,MedusaLocker,memory__n_registry_hklm,memory,0.05102509271007718
SRC,MedusaLocker,network__n_unique_tlds,network,0.04622090539755168
SRC,MedusaLocker,memory__n_created_dll,memory,0.040702880643087934
SRC,MedusaLocker,memory__total_processes,memory,0.03773050277187456
SRC,MedusaLocker,memory__path_len,memory,0.03753700169964151
SRC,MedusaLocker,disk__path_len,disk,0.02604248901151529
SRC,MedusaLocker,disk__parent_size,disk,0.0212958088417461
SRC,MedusaLocker,disk__parent_is_dotnet,disk,0.020692146500250752
SRC,MedusaLocker,disk__parent_sections,disk,0.01657894100745332
SRC,MedusaLocker,network__n_public_service_domains,network,0.012108066352767866
SRC,MedusaLocker,network__n_public_ips,network,0.009477790938055985
SRC,MedusaLocker,network__n_unique_ips,network,0.009477717811742859
SRC,MedusaLocker,disk__parent_is_gui,disk,0.007166440817663472
SRC,NanoCore,memory__total_processes,memory,0.12139404838564802
SRC,NanoCore,network__mean_domain_entropy,network,0.11304630477454336
SRC,NanoCore,network__avg_domain_len,network,0.10266451249380729
SRC,NanoCore,disk__parent_is_i386,disk,0.09689412025880782
SRC,NanoCore,disk__size_delta,disk,0.08945228837798903
SRC,NanoCore,disk__parent_sections,disk,0.0860047036834175
SRC,NanoCore,memory__n_created_dll,memory,0.07244205215029467
SRC,NanoCore,memory__n_created_tmp,memory,0.0719814073762272
SRC,NanoCore,memory__path_entropy,memory,0.0711162995082579
SRC,NanoCore,disk__parent_size,disk,0.05135202672997381
SRC,NanoCore,memory__path_len,memory,0.04950586702957709
SRC,NanoCore,memory__modules_count,memory,0.04949984185570091
SRC,NanoCore,disk__path_len,disk,0.04737675126584468
SRC,NanoCore,memory__n_registry_hklm,memory,0.04117661841319613
SRC,NanoCore,disk__parent_is_dotnet,disk,0.038782901501824854
SRC,NanoCore,network__n_unique_ips,network,0.03760476498108694
SRC,NanoCore,network__n_public_ips,network,0.03760465663575659
SRC,NanoCore,network__n_public_service_domains,network,0.036410249869731084
SRC,NanoCore,network__domains_per_conn,network,0.03396057418119704
SRC,NanoCore,disk__parent_is_gui,disk,0.02457561602939354
SRC,NanoCore,network__n_unique_tlds,network,0.020690359040162587
SRC,Phorpiex,disk__parent_sections,disk,0.32594500611427835
SRC,Phorpiex,disk__size_delta,disk,0.3175324455256103
SRC,Phorpiex,network__domains_per_conn,network,0.2370546769159675
SRC,Phorpiex,network__n_public_ips,network,0.2123887942903454
SRC,Phorpiex,network__n_unique_ips,network,0.21237088762777723
SRC,Phorpiex,disk__parent_size,disk,0.20483164736095935
SRC,Phorpiex,memory__n_registry_hklm,memory,0.1900403788142445
SRC,Phorpiex,disk__parent_is_dotnet,disk,0.1794942304053885
SRC,Phorpiex,network__mean_domain_entropy,network,0.17682837992936032
SRC,Phorpiex,network__n_unique_tlds,network,0.16688559510230427
SRC,Phorpiex,memory__n_created_tmp,memory,0.16568815742971657
SRC,Phorpiex,disk__path_len,disk,0.15787532085928604
SRC,Phorpiex,memory__total_processes,memory,0.15623007636286668
SRC,Phorpiex,memory__modules_count,memory,0.1519649975024832
SRC,Phorpiex,memory__path_len,memory,0.1496149189475778
SRC,Phorpiex,memory__n_created_dll,memory,0.14879064638327003
SRC,Phorpiex,disk__parent_is_i386,disk,0.1267381501996184
SRC,Phorpiex,network__n_public_service_domains,network,0.09811543736486839
SRC,Phorpiex,network__avg_domain_len,network,0.08957023236107897
SRC,Phorpiex,disk__parent_is_gui,disk,0.08608682471045732
SRC,Phorpiex,memory__path_entropy,memory,0.05916544723416726
SRC,QuasarRAT,memory__path_len,memory,0.27833402137251345
SRC,QuasarRAT,memory__path_entropy,memory,0.17725452800262845
SRC,QuasarRAT,memory__n_created_tmp,memory,0.16918258280560922
SRC,QuasarRAT,memory__n_registry_hklm,memory,0.1589778157829937
SRC,QuasarRAT,memory__n_created_dll,memory,0.15783990330811928
SRC,QuasarRAT,network__avg_domain_len,network,0.15114322541954528
SRC,QuasarRAT,network__mean_domain_entropy,network,0.1402120151379395
SRC,QuasarRAT,disk__parent_size,disk,0.1235554934262958
SRC,QuasarRAT,network__domains_per_conn,network,0.11563179132847409
SRC,QuasarRAT,memory__modules_count,memory,0.10602820468281318
SRC,QuasarRAT,disk__parent_is_gui,disk,0.10054228722518169
SRC,QuasarRAT,disk__parent_is_dotnet,disk,0.09583047198351297
SRC,QuasarRAT,disk__size_delta,disk,0.08229971216170273
SRC,QuasarRAT,disk__parent_is_i386,disk,0.08157551031481797
SRC,QuasarRAT,network__n_public_service_domains,network,0.07999908806794212
SRC,QuasarRAT,disk__parent_sections,disk,0.07705441052268182
SRC,QuasarRAT,network__n_unique_tlds,network,0.06633156833065748
SRC,QuasarRAT,disk__path_len,disk,0.05178524160002547
SRC,QuasarRAT,network__n_unique_ips,network,0.05070164519943959
SRC,QuasarRAT,network__n_public_ips,network,0.05070116074987528
SRC,QuasarRAT,memory__total_processes,memory,0.016357764821011287
SRC,SalatStealer,network__domains_per_conn,network,0.07370169992114066
SRC,SalatStealer,disk__size_delta,disk,0.07046080363272338
SRC,SalatStealer,disk__parent_size,disk,0.06189426088781876
SRC,SalatStealer,network__avg_domain_len,network,0.058792958089936856
SRC,SalatStealer,memory__n_created_dll,memory,0.05841412824030632
SRC,SalatStealer,disk__parent_sections,disk,0.057570678003001974
SRC,SalatStealer,disk__path_len,disk,0.05749435735943227
SRC,SalatStealer,network__mean_domain_entropy,network,0.054039990424492854
SRC,SalatStealer,memory__modules_count,memory,0.049661442633683016
SRC,SalatStealer,disk__parent_is_i386,disk,0.045762983963454885
SRC,SalatStealer,network__n_unique_tlds,network,0.04480934718227347
SRC,SalatStealer,memory__n_registry_hklm,memory,0.0418223537994711
SRC,SalatStealer,network__n_unique_ips,network,0.03826070980740381
SRC,SalatStealer,network__n_public_ips,network,0.03826026809795117
SRC,SalatStealer,disk__parent_is_gui,disk,0.03692259747083035
SRC,SalatStealer,memory__path_entropy,memory,0.03650719807668037
SRC,SalatStealer,network__n_public_service_domains,network,0.03054898574113234
SRC,SalatStealer,memory__path_len,memory,0.022716331696945324
SRC,SalatStealer,disk__parent_is_dotnet,disk,0.02031641695961245
SRC,SalatStealer,memory__total_processes,memory,0.017637352096744517
SRC,SalatStealer,memory__n_created_tmp,memory,0.010035378870976875
SRC,Socks5Systemz,network__avg_domain_len,network,0.1999620035353749
SRC,Socks5Systemz,network__mean_domain_entropy,network,0.18411822386193308
SRC,Socks5Systemz,memory__n_created_tmp,memory,0.11091515460199604
SRC,Socks5Systemz,disk__parent_is_i386,disk,0.10598982023399575
SRC,Socks5Systemz,memory__path_entropy,memory,0.07916794797595884
SRC,Socks5Systemz,network__domains_per_conn,network,0.06967318571169048
SRC,Socks5Systemz,memory__modules_count,memory,0.06888206865763151
SRC,Socks5Systemz,memory__path_len,memory,0.0623276282211868
SRC,Socks5Systemz,disk__path_len,disk,0.06024679158075741
SRC,Socks5Systemz,memory__total_processes,memory,0.03992563500491275
SRC,Socks5Systemz,disk__size_delta,disk,0.038662166836192086
SRC,Socks5Systemz,memory__n_created_dll,memory,0.033502760288280004
SRC,Socks5Systemz,disk__parent_size,disk,0.031579885172668326
SRC,Socks5Systemz,disk__parent_sections,disk,0.02825768192041389
SRC,Socks5Systemz,disk__parent_is_dotnet,disk,0.024720920134572846
SRC,Socks5Systemz,network__n_public_service_domains,network,0.024548313873935107
SRC,Socks5Systemz,network__n_unique_tlds,network,0.023419568252206133
SRC,Socks5Systemz,network__n_unique_ips,network,0.023062438072634923
SRC,Socks5Systemz,network__n_public_ips,network,0.02306222915540003
SRC,Socks5Systemz,memory__n_registry_hklm,memory,0.019690630219351635
SRC,Socks5Systemz,disk__parent_is_gui,disk,0.009113009986669383
SRC,Stealc,memory__n_created_dll,memory,0.16119333084874782
SRC,Stealc,memory__n_registry_hklm,memory,0.1138833165771946
SRC,Stealc,network__avg_domain_len,network,0.09427386019591952
SRC,Stealc,disk__parent_size,disk,0.09351818004266352
SRC,Stealc,disk__parent_is_i386,disk,0.08136050329828873
SRC,Stealc,network__n_public_service_domains,network,0.07559635209895257
SRC,Stealc,disk__path_len,disk,0.07481869947629895
SRC,Stealc,network__mean_domain_entropy,network,0.07304230332587221
SRC,Stealc,disk__parent_is_dotnet,disk,0.05920180952991812
SRC,Stealc,memory__path_len,memory,0.05692101447459654
SRC,Stealc,disk__size_delta,disk,0.0534601018035162
SRC,Stealc,network__domains_per_conn,network,0.053220175415251966
SRC,Stealc,network__n_unique_tlds,network,0.052211486397200836
SRC,Stealc,memory__path_entropy,memory,0.046867272614966794
SRC,Stealc,memory__n_created_tmp,memory,0.046700818082042975
SRC,Stealc,disk__parent_is_gui,disk,0.031637462098834744
SRC,Stealc,network__n_unique_ips,network,0.030549698865012347
SRC,Stealc,network__n_public_ips,network,0.030549427763139986
SRC,Stealc,memory__modules_count,memory,0.022889965698062467
SRC,Stealc,memory__total_processes,memory,0.022496676015799622
SRC,Stealc,disk__parent_sections,disk,0.021556807027699198
SRC,a310logger,memory__total_processes,memory,0.11500909137385276
SRC,a310logger,network__domains_per_conn,network,0.11262108037205971
SRC,a310logger,disk__parent_sections,disk,0.09907274482559351
SRC,a310logger,memory__path_entropy,memory,0.09394861877782017
SRC,a310logger,network__mean_domain_entropy,network,0.0895608014389001
SRC,a310logger,disk__path_len,disk,0.08310293049070876
SRC,a310logger,network__n_unique_tlds,network,0.061981713893382515
SRC,a310logger,disk__parent_is_i386,disk,0.059073636172729406
SRC,a310logger,network__avg_domain_len,network,0.05677872392569903
SRC,a310logger,network__n_public_service_domains,network,0.056515947622983134
SRC,a310logger,memory__path_len,memory,0.05360578324824974
SRC,a310logger,memory__n_registry_hklm,memory,0.04783571961654198
SRC,a310logger,disk__parent_size,disk,0.041778053656140256
SRC,a310logger,disk__parent_is_dotnet,disk,0.03865918935142619
SRC,a310logger,disk__size_delta,disk,0.03330964120961629
SRC,a310logger,memory__modules_count,memory,0.03174239381927848
SRC,a310logger,memory__n_created_dll,memory,0.02292455878607399
SRC,a310logger,memory__n_created_tmp,memory,0.019317708993236128
SRC,a310logger,disk__parent_is_gui,disk,0.016774494234687694
SRC,a310logger,network__n_unique_ips,network,0.01603333963538265
SRC,a310logger,network__n_public_ips,network,0.016033086542888285
SRC,agenttesla,disk__parent_size,disk,0.11982410761952526
SRC,agenttesla,memory__n_created_dll,memory,0.0844341666364257
SRC,agenttesla,network__avg_domain_len,network,0.07386105724570106
SRC,agenttesla,network__domains_per_conn,network,0.0657174681645519
SRC,agenttesla,disk__parent_sections,disk,0.05018956875597584
SRC,agenttesla,network__mean_domain_entropy,network,0.04229883015326783
SRC,agenttesla,memory__modules_count,memory,0.04167412599171784
SRC,agenttesla,memory__n_registry_hklm,memory,0.03859043831585378
SRC,agenttesla,memory__total_processes,memory,0.03445132239869884
SRC,agenttesla,network__n_unique_tlds,network,0.033242268242825446
SRC,agenttesla,memory__n_created_tmp,memory,0.0320906923448286
SRC,agenttesla,memory__path_entropy,memory,0.029996134837800226
SRC,agenttesla,disk__parent_is_gui,disk,0.025491635563913945
SRC,agenttesla,network__n_public_service_domains,network,0.021348698252986853
SRC,agenttesla,network__n_unique_ips,network,0.020591719292683053
SRC,agenttesla,network__n_public_ips,network,0.020591570661798748
SRC,agenttesla,disk__path_len,disk,0.016114906201646722
SRC,agenttesla,disk__size_delta,disk,0.013849187176583743
SRC,agenttesla,disk__parent_is_dotnet,disk,0.010863268211768728
SRC,agenttesla,disk__parent_is_i386,disk,0.007861081002055025
SRC,agenttesla,memory__path_len,memory,0.0073721919172845315
SRC,lockbit,network__avg_domain_len,network,0.2701166175529478
SRC,lockbit,network__domains_per_conn,network,0.19428091771943867
SRC,lockbit,network__mean_domain_entropy,network,0.17777738353694778
SRC,lockbit,network__n_public_service_domains,network,0.16229049522299677
SRC,lockbit,network__n_unique_tlds,network,0.12320311965410213
SRC,lockbit,disk__parent_sections,disk,0.1208870049202247
SRC,lockbit,disk__parent_is_i386,disk,0.07074272182011654
SRC,lockbit,memory__modules_count,memory,0.05653834723558175
SRC,lockbit,memory__n_registry_hklm,memory,0.05223339244517651
SRC,lockbit,disk__parent_is_gui,disk,0.044704364031648264
SRC,lockbit,memory__path_len,memory,0.03726474756113052
SRC,lockbit,disk__path_len,disk,0.036727342295930415
SRC,lockbit,disk__size_delta,disk,0.036071322644625856
SRC,lockbit,memory__path_entropy,memory,0.034956088089937956
SRC,lockbit,memory__n_created_dll,memory,0.034916454528750224
SRC,lockbit,memory__n_created_tmp,memory,0.031007336375781132
SRC,lockbit,memory__total_processes,memory,0.030620070214524897
SRC,lockbit,disk__parent_size,disk,0.02774300559251819
SRC,lockbit,disk__parent_is_dotnet,disk,0.027209864454163124
SRC,lockbit,network__n_public_ips,network,0.01887040348653521
SRC,lockbit,network__n_unique_ips,network,0.018792093539974658
SRC,lumma,memory__modules_count,memory,0.16077940262952156
SRC,lumma,disk__parent_is_i386,disk,0.14962899646767983
SRC,lumma,disk__size_delta,disk,0.14959200949503973
SRC,lumma,disk__parent_size,disk,0.12191845110608335
SRC,lumma,network__avg_domain_len,network,0.11478328399506628
SRC,lumma,memory__n_registry_hklm,memory,0.09580802452414586
SRC,lumma,memory__n_created_dll,memory,0.08430993568681747
SRC,lumma,network__mean_domain_entropy,network,0.08346050193330315
SRC,lumma,network__n_unique_tlds,network,0.0823675766574749
SRC,lumma,disk__parent_is_gui,disk,0.06971035182728236
SRC,lumma,memory__n_created_tmp,memory,0.06060099710960578
SRC,lumma,disk__path_len,disk,0.045605680414548454
SRC,lumma,disk__parent_sections,disk,0.04521235962758343
SRC,lumma,memory__path_len,memory,0.04470748675020168
SRC,lumma,memory__path_entropy,memory,0.04101603676012074
SRC,lumma,disk__parent_is_dotnet,disk,0.027318119651303818
SRC,lumma,memory__total_processes,memory,0.024158886631053887
SRC,lumma,network__n_public_service_domains,network,0.02019243091888645
SRC,lumma,network__domains_per_conn,network,0.018697480477377716
SRC,lumma,network__n_unique_ips,network,0.01523625284773461
SRC,lumma,network__n_public_ips,network,0.01523622439266309
SRC,redline,memory__modules_count,memory,0.1427683986925324
SRC,redline,disk__size_delta,disk,0.13346713623503123
SRC,redline,disk__parent_size,disk,0.09699206454922082
SRC,redline,network__avg_domain_len,network,0.0816313847649265
SRC,redline,network__mean_domain_entropy,network,0.07415507928650891
SRC,redline,disk__parent_is_dotnet,disk,0.062425496584145625
SRC,redline,memory__path_len,memory,0.05814149447776893
SRC,redline,disk__path_len,disk,0.05654655082086903
SRC,redline,memory__n_created_tmp,memory,0.05195430939423803
SRC,redline,disk__parent_is_i386,disk,0.051820183371526454
SRC,redline,memory__n_created_dll,memory,0.04967259498576528
SRC,redline,memory__total_processes,memory,0.0489849851820499
SRC,redline,memory__n_registry_hklm,memory,0.04648566555901153
SRC,redline,disk__parent_sections,disk,0.03928961625158153
SRC,redline,memory__path_entropy,memory,0.03774226445046675
SRC,redline,network__domains_per_conn,network,0.035881285758009224
SRC,redline,disk__parent_is_gui,disk,0.03297661043627544
SRC,redline,network__n_unique_tlds,network,0.032115848113858946
SRC,redline,network__n_unique_ips,network,0.02972874595514844
SRC,redline,network__n_public_ips,network,0.02972856201441603
SRC,redline,network__n_public_service_domains,network,0.022948962723856277
SRC,wannacry,disk__size_delta,disk,0.05786540596201064
SRC,wannacry,disk__parent_size,disk,0.054167935872793
SRC,wannacry,memory__n_created_dll,memory,0.021669365029347132
SRC,wannacry,memory__n_registry_hklm,memory,0.020603594729363135
SRC,wannacry,disk__parent_is_i386,disk,0.019367025453953815
SRC,wannacry,network__n_unique_tlds,network,0.019087413007375795
SRC,wannacry,network__domains_per_conn,network,0.014397022912161203
SRC,wannacry,disk__parent_is_dotnet,disk,0.014192579735783986
SRC,wannacry,memory__total_processes,memory,0.012551263747855812
SRC,wannacry,network__avg_domain_len,network,0.011902410701596658
SRC,wannacry,network__mean_domain_entropy,network,0.010986426751628114
SRC,wannacry,memory__modules_count,memory,0.010812783465964553
SRC,wannacry,disk__parent_sections,disk,0.009835792545674377
SRC,wannacry,network__n_public_service_domains,network,0.007757971746318669
SRC,wannacry,memory__path_entropy,memory,0.006955684882170191
SRC,wannacry,disk__parent_is_gui,disk,0.006806871291317813
SRC,wannacry,memory__path_len,memory,0.006717705705706187
SRC,wannacry,disk__path_len,disk,0.004984517003794965
SRC,wannacry,memory__n_created_tmp,memory,0.004710850846352754
SRC,wannacry,network__n_public_ips,network,0.0018077880584631764
SRC,wannacry,network__n_unique_ips,network,0.0018074258812937963
