Dataset,Model,Class index,Class,Precision Mean,Precision Std,Precision CI95 Low,Precision CI95 High,Recall Mean,Recall Std,Recall CI95 Low,Recall CI95 High,F1 Mean,F1 Std,F1 CI95 Low,F1 CI95 High,Mean Support,Fold Count
Fused pseudo sensitivity,Logistic Regression,0,Akira,0.21999999999999997,0.2079886036764016,0.1,0.33666666666666667,0.2333333333333333,0.21081851067789195,0.11666666666666665,0.35,0.21857142857142856,0.19642111577962248,0.1,0.3252380952380952,2.6,10
Fused pseudo sensitivity,Logistic Regression,1,AsyncRAT,0.575,0.22023273266744622,0.4451785714285715,0.7166964285714285,0.575,0.1544104678854144,0.475,0.6583333333333333,0.5560822510822511,0.1662459301531054,0.4537689393939394,0.6566931818181816,3.7,10
Fused pseudo sensitivity,Logistic Regression,2,Black Suit,0.24333333333333335,0.32812599206199233,0.06999999999999999,0.4533333333333333,0.225,0.27230724295894376,0.07479166666666667,0.3918749999999989,0.20666666666666664,0.23089258424543133,0.07222222222222222,0.34672222222222193,3.1,10
Fused pseudo sensitivity,Logistic Regression,3,CoinMiner,0.26666666666666666,0.3137782499209542,0.10833333333333332,0.4749999999999999,0.3,0.2698879511442471,0.15,0.45,0.26380952380952377,0.25129746461483504,0.12380952380952381,0.41438095238095185,2.4,10
Fused pseudo sensitivity,Logistic Regression,4,Kovter,0.7204761904761904,0.1464116865560652,0.6352380952380952,0.8147857142857141,0.694642857142857,0.12834249901008704,0.6195982142857143,0.7714285714285712,0.6986712633771457,0.1121483526161034,0.6369029663147311,0.7713299935358758,7.2,10
Fused pseudo sensitivity,Logistic Regression,5,MedusaLocker,0.16,0.22211108331943577,0.04,0.3,0.2,0.2810913475705226,0.03333333333333333,0.36666666666666664,0.16076923076923078,0.21244792841533772,0.04,0.2907692307692308,2.9,10
Fused pseudo sensitivity,Logistic Regression,6,NanoCore,0.7461904761904762,0.17306392226347014,0.635220238095238,0.8516666666666666,0.5357142857142858,0.0906639655459989,0.48571428571428565,0.5928571428571427,0.6198734598734598,0.11470661652040214,0.550915750915751,0.6903729603729603,6.9,10
Fused pseudo sensitivity,Logistic Regression,7,Phorpiex,0.6861904761904761,0.18056488725231276,0.5785416666666666,0.795,0.7433333333333333,0.22057724494528969,0.61,0.8699999999999999,0.702979242979243,0.1781592779426345,0.5968980463980464,0.8123809523809523,5.5,10
Fused pseudo sensitivity,Logistic Regression,8,QuasarRAT,0.5466666666666666,0.2936362072739365,0.36991666666666667,0.7166666666666666,0.6833333333333333,0.36387828652917364,0.45,0.8833333333333332,0.5442857142857143,0.2144567218883897,0.4004642857142857,0.6480952380952381,2.1,10
Fused pseudo sensitivity,Logistic Regression,9,SalatStealer,0.8183730158730158,0.21418264962178654,0.6811755952380951,0.9400000000000001,0.6571428571428571,0.23628944845623365,0.519047619047619,0.8,0.7065276390276389,0.19196060915943053,0.5895958208458209,0.8184667624042624,6.8,10
Fused pseudo sensitivity,Logistic Regression,10,Socks5Systemz,0.7666666666666666,0.2629368792488718,0.6,0.9166666666666666,0.85,0.24152294576982394,0.7,0.95,0.8,0.24494897427831783,0.64,0.93,2.0,10
Fused pseudo sensitivity,Logistic Regression,11,Stealc,0.5827380952380953,0.2097260703045325,0.4702232142857143,0.7166666666666666,0.7166666666666667,0.18509256943286312,0.6081249999999999,0.825,0.6335064935064935,0.18869647704850323,0.5312191558441558,0.752142857142857,3.9,10
Fused pseudo sensitivity,Logistic Regression,12,a310logger,0.7053571428571428,0.2822660358887993,0.5440476190476191,0.8762648809523806,0.6666666666666667,0.21872244094477253,0.5416666666666666,0.8,0.6156782106782107,0.11271376779286747,0.5493659812409811,0.6823371212121211,3.6,10
Fused pseudo sensitivity,Logistic Regression,13,agenttesla,0.3408333333333333,0.1586230293245554,0.24999999999999994,0.43833333333333335,0.6,0.2383067843280802,0.4666666666666666,0.75,0.4211183261183261,0.16986837606026545,0.325067821067821,0.5273077200577199,2.5,10
Fused pseudo sensitivity,Logistic Regression,14,lockbit,0.30273809523809525,0.18381374731282796,0.20249999999999999,0.4113095238095238,0.6,0.31622776601683794,0.4487500000000001,0.7512499999999932,0.38922799422799426,0.20987352957079425,0.27453499278499277,0.5124292929292928,2.1,10
Fused pseudo sensitivity,Logistic Regression,15,lumma,0.9066161616161617,0.09366760399824238,0.8495239898989899,0.9616161616161616,0.8933333333333333,0.10239920267179296,0.8266388888888888,0.9466944444444443,0.8981969629957245,0.08964389730094421,0.8409628482972136,0.9475223721067375,9.6,10
Fused pseudo sensitivity,Logistic Regression,16,redline,0.9270176346663762,0.05968016732673377,0.8917354187098181,0.9640995082815736,0.7115384615384615,0.09636728447674942,0.6537499999999999,0.7692307692307692,0.8016298500253285,0.07114168087344117,0.7575558760924144,0.8428586913989413,26.0,10
Fused pseudo sensitivity,Logistic Regression,17,wannacry,0.9665501165501164,0.043309691543081764,0.9414335664335663,0.9916666666666666,0.9568181818181818,0.060189011203763486,0.915909090909091,0.990909090909091,0.9600127987954077,0.0334627723812267,0.9375019762845849,0.9782608695652174,11.5,10
Fused pseudo sensitivity,Random Forest,0,Akira,0.05,0.10540925533894599,0.0,0.125,0.08333333333333333,0.18002057495577392,0.0,0.2,0.06190476190476191,0.13098845102081116,0.0,0.15238095238095237,2.6,10
Fused pseudo sensitivity,Random Forest,1,AsyncRAT,0.9071428571428571,0.15721499065923025,0.8142857142857143,0.975,1.0,0.0,1.0,1.0,0.9441558441558442,0.09661538547848417,0.8883116883116882,0.9857142857142858,3.7,10
Fused pseudo sensitivity,Random Forest,2,Black Suit,0.475,0.351473968619703,0.275,0.6916666666666667,0.39166666666666666,0.30944494314741383,0.225,0.5835416666666654,0.3985714285714286,0.2695988640426204,0.24,0.5533452380952382,3.1,10
Fused pseudo sensitivity,Random Forest,3,CoinMiner,0.8999999999999998,0.16101529717988267,0.8,1.0,0.8,0.2698879511442471,0.6333333333333332,0.95,0.8099999999999999,0.18328282132429266,0.6966666666666667,0.9166666666666666,2.4,10
Fused pseudo sensitivity,Random Forest,4,Kovter,0.9833333333333334,0.05270462766947298,0.95,1.0,0.9142857142857143,0.12046772038736683,0.8428571428571429,0.9857142857142858,0.9448717948717948,0.0833168951571534,0.8923076923076924,0.9923076923076923,7.2,10
Fused pseudo sensitivity,Random Forest,5,MedusaLocker,0.2616666666666666,0.20817401315506798,0.13666666666666666,0.3833333333333333,0.3333333333333333,0.2721655269759087,0.16666666666666666,0.5,0.2796031746031746,0.21185572690957263,0.15515873015873013,0.39835912698412684,2.9,10
Fused pseudo sensitivity,Random Forest,6,NanoCore,0.8593253968253969,0.09743322853115288,0.798204365079365,0.9166666666666667,0.911904761904762,0.10166787479301509,0.8523809523809524,0.9714285714285715,0.8807783882783882,0.0793571007776913,0.8301339285714286,0.9281462912087913,6.9,10
Fused pseudo sensitivity,Random Forest,7,Phorpiex,0.9690476190476192,0.06549422551040558,0.9261904761904762,1.0,1.0,0.0,1.0,1.0,0.9832167832167832,0.035535364102861546,0.9601398601398602,1.0,5.5,10
Fused pseudo sensitivity,Random Forest,8,QuasarRAT,1.0,0.0,1.0,1.0,0.85,0.24152294576982394,0.7,1.0,0.9,0.16101529717988267,0.8,1.0,2.1,10
Fused pseudo sensitivity,Random Forest,9,SalatStealer,0.9482142857142858,0.06705351198399495,0.9071428571428571,0.9875,0.9404761904761905,0.10240863413145983,0.8714285714285716,1.0,0.9388578088578088,0.05145247869093848,0.9079487179487179,0.9698834498834499,6.8,10
Fused pseudo sensitivity,Random Forest,10,Socks5Systemz,1.0,0.0,1.0,1.0,0.95,0.15811388300841897,0.85,1.0,0.9666666666666666,0.10540925533894599,0.8999999999999998,1.0,2.0,10
Fused pseudo sensitivity,Random Forest,11,Stealc,0.9349999999999999,0.10554093465991708,0.875,1.0,0.95,0.10540925533894598,0.875,1.0,0.9349206349206349,0.0695721929040275,0.8920634920634921,0.9746031746031747,3.9,10
Fused pseudo sensitivity,Random Forest,12,a310logger,0.8716666666666667,0.1822442398622326,0.755,0.975,0.8,0.24279748203791285,0.6499999999999999,0.925,0.8162698412698413,0.1852317590715509,0.6955555555555556,0.9133472222222222,3.6,10
Fused pseudo sensitivity,Random Forest,13,agenttesla,0.8833333333333332,0.19325030145473432,0.7666666666666666,1.0,0.75,0.22566773346211003,0.6166666666666667,0.8833333333333332,0.7966666666666666,0.18885620632287062,0.6833333333333333,0.9100833333333328,2.5,10
Fused pseudo sensitivity,Random Forest,14,lockbit,0.8,0.42163702135578396,0.5,1.0,0.6,0.39440531887330776,0.35,0.8012499999999932,0.6666666666666667,0.3849001794597505,0.4333333333333333,0.8666666666666668,2.1,10
Fused pseudo sensitivity,Random Forest,15,lumma,0.9888888888888889,0.03513641844631534,0.9666666666666666,1.0,0.9177777777777779,0.07964254847831473,0.8688888888888888,0.9677777777777777,0.9508083935328517,0.05326961495438422,0.9180254557963536,0.9823529411764707,9.6,10
Fused pseudo sensitivity,Random Forest,16,redline,0.9129620507206715,0.044566777285892055,0.8860572660098522,0.9402123015873015,0.9884615384615385,0.018578688136140293,0.976923076923077,1.0,0.948805712107599,0.028917914901867955,0.9310846560846562,0.9657281643932589,26.0,10
Fused pseudo sensitivity,Random Forest,17,wannacry,0.9923076923076923,0.02432521277052598,0.976923076923077,1.0,0.9651515151515152,0.045060016208475696,0.9386363636363635,0.9916666666666666,0.9777805383022773,0.02352025355921663,0.9639089026915114,0.9912380952380954,11.5,10
Fused pseudo sensitivity,SVM (RBF),0,Akira,0.23333333333333334,0.32346503617799194,0.05833333333333333,0.4418749999999989,0.1833333333333333,0.1995364999563108,0.06666666666666667,0.3,0.19714285714285712,0.23337328240241942,0.06190476190476191,0.33999999999999997,2.6,10
Fused pseudo sensitivity,SVM (RBF),1,AsyncRAT,0.8433333333333334,0.20730486883326044,0.7132499999999999,0.9666666666666666,0.8416666666666666,0.18193914326458685,0.7333333333333333,0.95,0.8235714285714286,0.15481867090786566,0.7271249999999999,0.915,3.7,10
Fused pseudo sensitivity,SVM (RBF),2,Black Suit,0.4,0.32923405311175674,0.22333333333333333,0.6,0.3833333333333333,0.3337959752399956,0.2,0.5833333333333333,0.3794444444444444,0.30474133941855885,0.21333333333333332,0.5583749999999997,3.1,10
Fused pseudo sensitivity,SVM (RBF),3,CoinMiner,0.7333333333333332,0.34426518632954817,0.5333333333333332,0.9333333333333332,0.4333333333333333,0.08606629658238704,0.38333333333333336,0.4833333333333333,0.5133333333333333,0.14332902663641864,0.4333333333333333,0.6,2.4,10
Fused pseudo sensitivity,SVM (RBF),4,Kovter,0.6980411255411256,0.13435779863205044,0.620523088023088,0.7777073412698411,0.7482142857142857,0.14879761857139048,0.6589285714285714,0.8375,0.7122556390977445,0.11321416995311345,0.6466602443609022,0.7827380952380951,7.2,10
Fused pseudo sensitivity,SVM (RBF),5,MedusaLocker,0.085,0.14539218991709593,0.0,0.18012499999999934,0.13333333333333333,0.23306863292670035,0.0,0.29999999999999993,0.10357142857142856,0.17853174162159488,0.0,0.225,2.9,10
Fused pseudo sensitivity,SVM (RBF),6,NanoCore,0.6725,0.09329440190632939,0.6157142857142858,0.7257202380952381,0.6238095238095238,0.06900655593423545,0.5857142857142856,0.6666666666666667,0.643076923076923,0.058763327089586814,0.6068772893772894,0.6761904761904762,6.9,10
Fused pseudo sensitivity,SVM (RBF),7,Phorpiex,0.7311507936507937,0.12839974411607546,0.6617013888888887,0.8125148809523809,0.7566666666666666,0.14405931562989283,0.6666666666666666,0.8234166666666661,0.7326950826950827,0.11017747811084726,0.6663170163170165,0.7946681096681099,5.5,10
Fused pseudo sensitivity,SVM (RBF),8,QuasarRAT,0.8166666666666667,0.3374742788552765,0.6,0.9666666666666666,0.6333333333333333,0.34960294939005054,0.4333333333333333,0.8333333333333333,0.6866666666666668,0.30959950234432204,0.4866666666666667,0.8400000000000001,2.1,10
Fused pseudo sensitivity,SVM (RBF),9,SalatStealer,0.8248412698412698,0.17604902802080388,0.7202281746031746,0.9264285714285714,0.7904761904761904,0.19107050140703696,0.6761904761904761,0.9,0.7942857142857143,0.1618860866913767,0.6999761904761904,0.8904761904761905,6.8,10
Fused pseudo sensitivity,SVM (RBF),10,Socks5Systemz,0.9166666666666666,0.18002057495577392,0.8,1.0,0.9,0.21081851067789198,0.75,1.0,0.8966666666666667,0.1808416536744334,0.7733333333333333,1.0,2.0,10
Fused pseudo sensitivity,SVM (RBF),11,Stealc,0.7442857142857143,0.2492220195255165,0.6014285714285714,0.8904761904761905,0.7083333333333333,0.27003086243366087,0.5497916666666666,0.8583333333333332,0.6819624819624819,0.19971362397869433,0.567012987012987,0.7962193362193362,3.9,10
Fused pseudo sensitivity,SVM (RBF),12,a310logger,0.795,0.20428284676272135,0.671625,0.9133333333333333,0.6666666666666667,0.21872244094477253,0.5416666666666666,0.8,0.6974603174603173,0.16642915805544892,0.6031746031746031,0.7992222222222221,3.6,10
Fused pseudo sensitivity,SVM (RBF),13,agenttesla,0.5066666666666666,0.2769097548763478,0.3583333333333333,0.6667916666666659,0.6,0.2383067843280802,0.4666666666666666,0.75,0.5133333333333333,0.19922753318084394,0.40951190476190474,0.6329047619047615,2.5,10
Fused pseudo sensitivity,SVM (RBF),14,lockbit,0.3516666666666666,0.3330044674004269,0.16666666666666666,0.5583749999999997,0.45,0.3689323936863109,0.25,0.65,0.36809523809523803,0.2985819344497302,0.19428571428571426,0.5471428571428572,2.1,10
Fused pseudo sensitivity,SVM (RBF),15,lumma,0.9090404040404041,0.10162284687261981,0.8483169191919192,0.966722222222222,0.8644444444444443,0.12112866562096934,0.788888888888889,0.9377777777777776,0.8765078024830346,0.0629182331422507,0.8416274197079151,0.9149476967820622,9.6,10
Fused pseudo sensitivity,SVM (RBF),16,redline,0.8375302861389817,0.04591079312811867,0.809908639910814,0.8650115563784042,0.8192307692307692,0.0870474112654767,0.7692307692307693,0.8730769230769232,0.8272492504177933,0.06315119781121929,0.7915410502146352,0.8667091232396846,26.0,10
Fused pseudo sensitivity,SVM (RBF),17,wannacry,0.976923076923077,0.051919119823888686,0.9384615384615385,1.0,0.9651515151515152,0.045060016208475696,0.9386363636363635,0.9916666666666666,0.9694472049689441,0.028916695160642047,0.9516550207039336,0.9865424430641822,11.5,10
Fused pseudo sensitivity,KNN,0,Akira,0.3416666666666667,0.3297258494605316,0.15833333333333333,0.5416666666666666,0.3,0.23306863292670033,0.16666666666666666,0.4333333333333333,0.30746031746031743,0.25727134421389397,0.15663888888888888,0.4555952380952379,2.6,10
Fused pseudo sensitivity,KNN,1,AsyncRAT,0.5436904761904763,0.17140473268994344,0.440345238095238,0.6478571428571429,0.7666666666666666,0.18757714462371256,0.65,0.875,0.6307359307359308,0.1709845115556732,0.5262875180375179,0.735896645021645,3.7,10
Fused pseudo sensitivity,KNN,2,Black Suit,0.2202380952380952,0.31292645379144485,0.06190476190476191,0.425,0.26666666666666666,0.34426518632954817,0.1,0.4999999999999999,0.2352380952380952,0.318064504424107,0.07333333333333333,0.44190476190476186,3.1,10
Fused pseudo sensitivity,KNN,3,CoinMiner,0.13333333333333333,0.2194268628681278,0.0,0.2833333333333333,0.11666666666666665,0.1932503014547343,0.0,0.23333333333333334,0.12333333333333334,0.2024845673131659,0.0,0.2533333333333333,2.4,10
Fused pseudo sensitivity,KNN,4,Kovter,0.6808333333333333,0.1377613655912146,0.5990367063492064,0.761468253968254,0.6678571428571429,0.18883219103712717,0.5625,0.7857589285714284,0.6677154708037061,0.14600136832892116,0.5833511096746392,0.7569199929971988,7.2,10
Fused pseudo sensitivity,KNN,5,MedusaLocker,0.20523809523809522,0.19224640378483956,0.09714285714285714,0.3219047619047619,0.26666666666666666,0.2629368792488718,0.13333333333333333,0.4333333333333333,0.22166666666666668,0.20093147287103494,0.10666666666666666,0.3433333333333333,2.9,10
Fused pseudo sensitivity,KNN,6,NanoCore,0.6715079365079365,0.15213570155924114,0.5913472222222221,0.7726210317460318,0.5523809523809524,0.13691338827204969,0.4666666666666667,0.6285714285714284,0.5976948051948051,0.12479312439769183,0.525317495004995,0.672090596903097,6.9,10
Fused pseudo sensitivity,KNN,7,Phorpiex,0.4727777777777778,0.18433508583097455,0.36416666666666664,0.5819513888888889,0.5933333333333335,0.1623895636128454,0.48666666666666664,0.6733333333333333,0.5169655344655345,0.15747155077628108,0.4186582792207792,0.6040089285714284,5.5,10
Fused pseudo sensitivity,KNN,8,QuasarRAT,0.6333333333333333,0.3912625969257558,0.4,0.85,0.6,0.39440531887330776,0.35,0.8,0.5933333333333334,0.3572183341761799,0.36991666666666667,0.7733333333333333,2.1,10
Fused pseudo sensitivity,KNN,9,SalatStealer,0.7040728715728715,0.15498311382619298,0.6180145202020202,0.797564935064935,0.6142857142857142,0.22498285257018433,0.4809523809523809,0.757142857142857,0.6359920634920635,0.1594195841309491,0.5383333333333333,0.7284226190476188,6.8,10
Fused pseudo sensitivity,KNN,10,Socks5Systemz,0.8166666666666667,0.19953649995631081,0.7,0.9333333333333332,0.9,0.21081851067789198,0.75,1.0,0.8366666666666667,0.16810490551812954,0.73,0.9266666666666665,2.0,10
Fused pseudo sensitivity,KNN,11,Stealc,0.47873015873015873,0.23080696889588173,0.35727777777777775,0.6309563492063491,0.6833333333333333,0.22152668930418762,0.5583333333333333,0.8083333333333332,0.5471794871794872,0.21070482375944105,0.4333333333333334,0.6830833333333334,3.9,10
Fused pseudo sensitivity,KNN,12,a310logger,0.5552380952380952,0.28552859927294755,0.3969047619047619,0.7366726190476189,0.41666666666666663,0.1800205749557739,0.31666666666666665,0.5333333333333333,0.4389826839826839,0.15504775029666168,0.3492207792207792,0.5359036796536797,3.6,10
Fused pseudo sensitivity,KNN,13,agenttesla,0.24218253968253967,0.06965464533907229,0.20387500000000003,0.28603174603174597,0.6833333333333333,0.241522945769824,0.55,0.8333333333333333,0.35114718614718615,0.09491994835784748,0.2991253607503608,0.4104680735930735,2.5,10
Fused pseudo sensitivity,KNN,14,lockbit,0.2056746031746032,0.15442282417174757,0.12138392857142859,0.30191567460317453,0.5,0.3333333333333333,0.3,0.7,0.2757287157287157,0.17783143715216512,0.17350649350649353,0.3813059163059163,2.1,10
Fused pseudo sensitivity,KNN,15,lumma,0.9105050505050505,0.08558310595441557,0.859590909090909,0.9597979797979799,0.8333333333333333,0.10020555006273098,0.7722222222222223,0.8933333333333333,0.8630714040001966,0.047884891401276615,0.8349434861663962,0.891829573934837,9.6,10
Fused pseudo sensitivity,KNN,16,redline,0.8979806468041763,0.08109701342042835,0.8521739877769289,0.9461715049656226,0.5115384615384615,0.11474179915520227,0.4461538461538462,0.5807692307692307,0.6442472033745371,0.09578353422685337,0.5901817609205584,0.7011529972664282,26.0,10
Fused pseudo sensitivity,KNN,17,wannacry,0.9923076923076923,0.02432521277052598,0.976923076923077,1.0,0.9469696969696969,0.04573426837443141,0.9204545454545453,0.9734848484848484,0.9682567287784678,0.02204707197144571,0.9554931677018634,0.9817805383022774,11.5,10
Fused pseudo sensitivity,XGBoost,0,Akira,0.11666666666666667,0.17213259316477408,0.025,0.225,0.16666666666666666,0.22222222222222224,0.03333333333333333,0.3,0.13412698412698415,0.1862572896445833,0.02857142857142857,0.24525793650793642,2.6,10
Fused pseudo sensitivity,XGBoost,1,AsyncRAT,0.975,0.07905694150420949,0.925,1.0,0.95,0.10540925533894598,0.875,1.0,0.9571428571428573,0.06900655593423545,0.9142857142857143,0.9857142857142858,3.7,10
Fused pseudo sensitivity,XGBoost,2,Black Suit,0.3683333333333333,0.3981787240628212,0.1433333333333333,0.6199999999999999,0.325,0.352351010453924,0.13333333333333333,0.55,0.3192857142857143,0.3202190647558427,0.13571428571428573,0.5078571428571428,3.1,10
Fused pseudo sensitivity,XGBoost,3,CoinMiner,0.7833333333333333,0.3337959752399956,0.5666666666666667,0.9666666666666666,0.7,0.3220305943597653,0.4995833333333334,0.8666666666666666,0.7066666666666667,0.2796823595120404,0.5266666666666666,0.8400000000000001,2.4,10
Fused pseudo sensitivity,XGBoost,4,Kovter,0.9407142857142856,0.07923958331936035,0.8939285714285715,0.9875,0.9160714285714286,0.09890629225952248,0.8571428571428571,0.9714285714285715,0.923385225885226,0.06122558279739191,0.8875328907203908,0.9590500610500611,7.2,10
Fused pseudo sensitivity,XGBoost,5,MedusaLocker,0.21523809523809523,0.22013532565769345,0.09,0.34523809523809523,0.3,0.33147630867058436,0.13333333333333333,0.5333333333333332,0.23388888888888887,0.2331635184531417,0.10666666666666666,0.3761527777777775,2.9,10
Fused pseudo sensitivity,XGBoost,6,NanoCore,0.8709920634920636,0.12818142151013062,0.7943224206349206,0.943059523809524,0.9095238095238095,0.12982923839160973,0.8333333333333333,0.9857142857142858,0.8847979961215255,0.1101449388507646,0.8174059873949578,0.9473809523809524,6.9,10
Fused pseudo sensitivity,XGBoost,7,Phorpiex,0.9857142857142858,0.04517539514526258,0.9571428571428571,1.0,0.9800000000000001,0.06324555320336758,0.9400000000000001,1.0,0.9811965811965813,0.04045182757674951,0.9555555555555555,1.0,5.5,10
Fused pseudo sensitivity,XGBoost,8,QuasarRAT,0.9333333333333332,0.14054567378526134,0.8333333333333333,1.0,0.85,0.24152294576982394,0.7,1.0,0.86,0.15539674432930747,0.7666666666666667,0.9466666666666667,2.1,10
Fused pseudo sensitivity,XGBoost,9,SalatStealer,0.9571428571428573,0.06900655593423545,0.9142857142857143,1.0,0.9428571428571428,0.07377111135633178,0.9,0.9857142857142858,0.9483516483516483,0.059528035916453496,0.9120879120879122,0.9846153846153847,6.8,10
Fused pseudo sensitivity,XGBoost,10,Socks5Systemz,1.0,0.0,1.0,1.0,0.95,0.15811388300841897,0.85,1.0,0.9666666666666666,0.10540925533894599,0.8999999999999998,1.0,2.0,10
Fused pseudo sensitivity,XGBoost,11,Stealc,0.86,0.15539674432930747,0.76,0.9466666666666667,0.975,0.07905694150420949,0.925,1.0,0.9034920634920635,0.08941892864476515,0.8492063492063492,0.9577777777777777,3.9,10
Fused pseudo sensitivity,XGBoost,12,a310logger,0.8833333333333332,0.1531560972454469,0.7916666666666666,0.975,0.8333333333333333,0.188398055086813,0.7166666666666666,0.9416666666666667,0.8397619047619049,0.1285716735251439,0.7640416666666666,0.9130952380952382,3.6,10
Fused pseudo sensitivity,XGBoost,13,agenttesla,0.7833333333333334,0.21942686286812776,0.6416666666666667,0.9083333333333332,0.7,0.21942686286812776,0.5829166666666666,0.8333333333333333,0.7047619047619048,0.13528429049309532,0.6190476190476191,0.7771428571428571,2.5,10
Fused pseudo sensitivity,XGBoost,14,lockbit,0.7666666666666667,0.4172218523448575,0.5,1.0,0.65,0.41163630117428235,0.4,0.85,0.6799999999999999,0.3872026935933245,0.44666666666666666,0.8800000000000001,2.1,10
Fused pseudo sensitivity,XGBoost,15,lumma,0.9800000000000001,0.04216370213557838,0.95,1.0,0.9277777777777778,0.06874337478989105,0.8866666666666667,0.9688888888888888,0.9518610251117992,0.045780355208179614,0.924248366013072,0.9783748710010318,9.6,10
Fused pseudo sensitivity,XGBoost,16,redline,0.9182922262922263,0.032955444326488545,0.9000280830280831,0.9372631155881157,0.9461538461538461,0.03715737627228061,0.9230769230769231,0.9692307692307693,0.931767330379983,0.031335093450704316,0.9145787957982742,0.950863839165726,26.0,10
Fused pseudo sensitivity,XGBoost,17,wannacry,0.9734848484848484,0.04274320929245142,0.9462121212121213,0.9916666666666666,0.9818181818181818,0.03833063830507128,0.9545454545454545,1.0,0.9774703557312254,0.03850459724255354,0.9544466403162055,0.9956521739130435,11.5,10
Fused pseudo sensitivity,CatBoost,0,Akira,0.045,0.09559753599799992,0.0,0.11000000000000001,0.08333333333333333,0.18002057495577392,0.0,0.2,0.05833333333333333,0.12453617650811051,0.0,0.14166666666666666,2.6,10
Fused pseudo sensitivity,CatBoost,1,AsyncRAT,0.9,0.16996731711975951,0.7999999999999999,0.9800000000000001,0.925,0.12076147288491199,0.85,1.0,0.9019841269841271,0.12050910662842579,0.8261904761904761,0.9714285714285715,3.7,10
Fused pseudo sensitivity,CatBoost,2,Black Suit,0.42333333333333323,0.37779411729370327,0.2066666666666667,0.6566666666666666,0.3833333333333333,0.2944968506821905,0.21666666666666665,0.55,0.39492063492063495,0.31817274557627784,0.2126984126984127,0.578785714285714,3.1,10
Fused pseudo sensitivity,CatBoost,3,CoinMiner,0.7666666666666667,0.31622776601683794,0.5666666666666667,0.9333333333333332,0.7333333333333333,0.33518006953329677,0.5166666666666666,0.9166666666666666,0.72,0.28073976350851126,0.5266666666666667,0.86,2.4,10
Fused pseudo sensitivity,CatBoost,4,Kovter,0.9603174603174602,0.0644764952748886,0.9206349206349207,1.0,0.9,0.11761037176408067,0.8285714285714285,0.9714285714285715,0.924520577461754,0.07361900207213055,0.8816634346046112,0.966257272139625,7.2,10
Fused pseudo sensitivity,CatBoost,5,MedusaLocker,0.26666666666666666,0.2071261320256361,0.15,0.39166666666666666,0.3333333333333333,0.3142696805273545,0.16666666666666666,0.5333333333333333,0.28158730158730155,0.22197037883549436,0.1586984126984127,0.4152380952380953,2.9,10
Fused pseudo sensitivity,CatBoost,6,NanoCore,0.8627777777777776,0.12277652085832239,0.7810902777777776,0.9319444444444445,0.8976190476190476,0.11880928523690142,0.8261904761904761,0.9714285714285715,0.8742420814479639,0.10169253861826082,0.8120814479638008,0.9362353883861237,6.9,10
Fused pseudo sensitivity,CatBoost,7,Phorpiex,0.9833333333333334,0.05270462766947298,0.95,1.0,0.9400000000000001,0.09660917830792956,0.8800000000000001,1.0,0.9575757575757576,0.055079070832804146,0.9242424242424242,0.9888888888888889,5.5,10
Fused pseudo sensitivity,CatBoost,8,QuasarRAT,0.8666666666666666,0.3220305943597653,0.6666666666666666,1.0,0.75,0.3535533905932738,0.5,0.95,0.78,0.31434823812901325,0.5666666666666667,0.9333333333333332,2.1,10
Fused pseudo sensitivity,CatBoost,9,SalatStealer,0.9271428571428573,0.10442586798663399,0.8542857142857143,0.9857142857142858,0.9142857142857143,0.09988655696858588,0.8571428571428571,0.9714285714285715,0.9140379228614524,0.0695961884737833,0.8731307907778495,0.9549450549450549,6.8,10
Fused pseudo sensitivity,CatBoost,10,Socks5Systemz,0.9666666666666666,0.10540925533894599,0.8999999999999998,1.0,0.95,0.15811388300841897,0.85,1.0,0.9466666666666667,0.11674600476945508,0.8600000000000001,1.0,2.0,10
Fused pseudo sensitivity,CatBoost,11,Stealc,0.8566666666666667,0.12938601447119677,0.78,0.9349999999999999,0.95,0.10540925533894598,0.875,1.0,0.8966666666666667,0.10288032921758024,0.8338888888888889,0.9555555555555555,3.9,10
Fused pseudo sensitivity,CatBoost,12,a310logger,0.8233333333333335,0.16162752485305049,0.73,0.9199999999999999,0.8,0.24279748203791285,0.6499999999999999,0.925,0.7834126984126983,0.16697898426908922,0.681422619047619,0.875892857142857,3.6,10
Fused pseudo sensitivity,CatBoost,13,agenttesla,0.725,0.22239576556942328,0.6,0.8583333333333332,0.75,0.22566773346211003,0.6166666666666667,0.8833333333333332,0.7223809523809523,0.19554176925224395,0.6099166666666667,0.8424047619047619,2.5,10
Fused pseudo sensitivity,CatBoost,14,lockbit,0.7666666666666667,0.4172218523448575,0.5,1.0,0.7,0.4216370213557839,0.45,0.9,0.7133333333333333,0.4000617236328031,0.4666666666666666,0.9133333333333333,2.1,10
Fused pseudo sensitivity,CatBoost,15,lumma,0.9697979797979798,0.04886321222377456,0.9395909090909089,1.0,0.9277777777777778,0.06874337478989105,0.8866666666666667,0.9688888888888888,0.9466072042852229,0.04403458135486012,0.9218628188117353,0.9731081379920389,9.6,10
Fused pseudo sensitivity,CatBoost,16,redline,0.9260690918277126,0.03781514111073765,0.904893711141987,0.9492013806436221,0.95,0.03648781915578899,0.9307692307692308,0.9730769230769232,0.9374197853776101,0.029910722768889984,0.9216484558007867,0.955053506981365,26.0,10
Fused pseudo sensitivity,CatBoost,17,wannacry,0.9916666666666666,0.026352313834736504,0.9749999999999999,1.0,0.9818181818181818,0.03833063830507128,0.9545454545454545,1.0,0.9861283643892339,0.0223638692124236,0.9722567287784679,0.9956521739130435,11.5,10
