Dataset,Model,Class index,Class,Class Accuracy Mean,Class Accuracy Std,Class Accuracy CI95 Low,Class Accuracy CI95 High,Class Accuracy (mean ± std),Mean Support,Fold Count
Fused pseudo sensitivity,Logistic Regression,0,Akira,0.2333333333333333,0.21081851067789195,0.11666666666666665,0.35,"0.2333 ± 0.2108 [95% CI 0.1167, 0.3500]",2.6,10
Fused pseudo sensitivity,Logistic Regression,1,AsyncRAT,0.575,0.1544104678854144,0.475,0.6583333333333333,"0.5750 ± 0.1544 [95% CI 0.4750, 0.6583]",3.7,10
Fused pseudo sensitivity,Logistic Regression,2,Black Suit,0.225,0.27230724295894376,0.07479166666666667,0.3918749999999989,"0.2250 ± 0.2723 [95% CI 0.0748, 0.3919]",3.1,10
Fused pseudo sensitivity,Logistic Regression,3,CoinMiner,0.3,0.2698879511442471,0.15,0.45,"0.3000 ± 0.2699 [95% CI 0.1500, 0.4500]",2.4,10
Fused pseudo sensitivity,Logistic Regression,4,Kovter,0.694642857142857,0.12834249901008704,0.6195982142857143,0.7714285714285712,"0.6946 ± 0.1283 [95% CI 0.6196, 0.7714]",7.2,10
Fused pseudo sensitivity,Logistic Regression,5,MedusaLocker,0.2,0.2810913475705226,0.03333333333333333,0.36666666666666664,"0.2000 ± 0.2811 [95% CI 0.0333, 0.3667]",2.9,10
Fused pseudo sensitivity,Logistic Regression,6,NanoCore,0.5357142857142858,0.0906639655459989,0.48571428571428565,0.5928571428571427,"0.5357 ± 0.0907 [95% CI 0.4857, 0.5929]",6.9,10
Fused pseudo sensitivity,Logistic Regression,7,Phorpiex,0.7433333333333333,0.22057724494528969,0.61,0.8699999999999999,"0.7433 ± 0.2206 [95% CI 0.6100, 0.8700]",5.5,10
Fused pseudo sensitivity,Logistic Regression,8,QuasarRAT,0.6833333333333333,0.36387828652917364,0.45,0.8833333333333332,"0.6833 ± 0.3639 [95% CI 0.4500, 0.8833]",2.1,10
Fused pseudo sensitivity,Logistic Regression,9,SalatStealer,0.6571428571428571,0.23628944845623365,0.519047619047619,0.8,"0.6571 ± 0.2363 [95% CI 0.5190, 0.8000]",6.8,10
Fused pseudo sensitivity,Logistic Regression,10,Socks5Systemz,0.85,0.24152294576982394,0.7,0.95,"0.8500 ± 0.2415 [95% CI 0.7000, 0.9500]",2.0,10
Fused pseudo sensitivity,Logistic Regression,11,Stealc,0.7166666666666667,0.18509256943286312,0.6081249999999999,0.825,"0.7167 ± 0.1851 [95% CI 0.6081, 0.8250]",3.9,10
Fused pseudo sensitivity,Logistic Regression,12,a310logger,0.6666666666666667,0.21872244094477253,0.5416666666666666,0.8,"0.6667 ± 0.2187 [95% CI 0.5417, 0.8000]",3.6,10
Fused pseudo sensitivity,Logistic Regression,13,agenttesla,0.6,0.2383067843280802,0.4666666666666666,0.75,"0.6000 ± 0.2383 [95% CI 0.4667, 0.7500]",2.5,10
Fused pseudo sensitivity,Logistic Regression,14,lockbit,0.6,0.31622776601683794,0.4487500000000001,0.7512499999999932,"0.6000 ± 0.3162 [95% CI 0.4488, 0.7512]",2.1,10
Fused pseudo sensitivity,Logistic Regression,15,lumma,0.8933333333333333,0.10239920267179296,0.8266388888888888,0.9466944444444443,"0.8933 ± 0.1024 [95% CI 0.8266, 0.9467]",9.6,10
Fused pseudo sensitivity,Logistic Regression,16,redline,0.7115384615384615,0.09636728447674942,0.6537499999999999,0.7692307692307692,"0.7115 ± 0.0964 [95% CI 0.6537, 0.7692]",26.0,10
Fused pseudo sensitivity,Logistic Regression,17,wannacry,0.9568181818181818,0.060189011203763486,0.915909090909091,0.990909090909091,"0.9568 ± 0.0602 [95% CI 0.9159, 0.9909]",11.5,10
Fused pseudo sensitivity,Random Forest,0,Akira,0.08333333333333333,0.18002057495577392,0.0,0.2,"0.0833 ± 0.1800 [95% CI 0.0000, 0.2000]",2.6,10
Fused pseudo sensitivity,Random Forest,1,AsyncRAT,1.0,0.0,1.0,1.0,"1.0000 ± 0.0000 [95% CI 1.0000, 1.0000]",3.7,10
Fused pseudo sensitivity,Random Forest,2,Black Suit,0.39166666666666666,0.30944494314741383,0.225,0.5835416666666654,"0.3917 ± 0.3094 [95% CI 0.2250, 0.5835]",3.1,10
Fused pseudo sensitivity,Random Forest,3,CoinMiner,0.8,0.2698879511442471,0.6333333333333332,0.95,"0.8000 ± 0.2699 [95% CI 0.6333, 0.9500]",2.4,10
Fused pseudo sensitivity,Random Forest,4,Kovter,0.9142857142857143,0.12046772038736683,0.8428571428571429,0.9857142857142858,"0.9143 ± 0.1205 [95% CI 0.8429, 0.9857]",7.2,10
Fused pseudo sensitivity,Random Forest,5,MedusaLocker,0.3333333333333333,0.2721655269759087,0.16666666666666666,0.5,"0.3333 ± 0.2722 [95% CI 0.1667, 0.5000]",2.9,10
Fused pseudo sensitivity,Random Forest,6,NanoCore,0.911904761904762,0.10166787479301509,0.8523809523809524,0.9714285714285715,"0.9119 ± 0.1017 [95% CI 0.8524, 0.9714]",6.9,10
Fused pseudo sensitivity,Random Forest,7,Phorpiex,1.0,0.0,1.0,1.0,"1.0000 ± 0.0000 [95% CI 1.0000, 1.0000]",5.5,10
Fused pseudo sensitivity,Random Forest,8,QuasarRAT,0.85,0.24152294576982394,0.7,1.0,"0.8500 ± 0.2415 [95% CI 0.7000, 1.0000]",2.1,10
Fused pseudo sensitivity,Random Forest,9,SalatStealer,0.9404761904761905,0.10240863413145983,0.8714285714285716,1.0,"0.9405 ± 0.1024 [95% CI 0.8714, 1.0000]",6.8,10
Fused pseudo sensitivity,Random Forest,10,Socks5Systemz,0.95,0.15811388300841897,0.85,1.0,"0.9500 ± 0.1581 [95% CI 0.8500, 1.0000]",2.0,10
Fused pseudo sensitivity,Random Forest,11,Stealc,0.95,0.10540925533894598,0.875,1.0,"0.9500 ± 0.1054 [95% CI 0.8750, 1.0000]",3.9,10
Fused pseudo sensitivity,Random Forest,12,a310logger,0.8,0.24279748203791285,0.6499999999999999,0.925,"0.8000 ± 0.2428 [95% CI 0.6500, 0.9250]",3.6,10
Fused pseudo sensitivity,Random Forest,13,agenttesla,0.75,0.22566773346211003,0.6166666666666667,0.8833333333333332,"0.7500 ± 0.2257 [95% CI 0.6167, 0.8833]",2.5,10
Fused pseudo sensitivity,Random Forest,14,lockbit,0.6,0.39440531887330776,0.35,0.8012499999999932,"0.6000 ± 0.3944 [95% CI 0.3500, 0.8012]",2.1,10
Fused pseudo sensitivity,Random Forest,15,lumma,0.9177777777777779,0.07964254847831473,0.8688888888888888,0.9677777777777777,"0.9178 ± 0.0796 [95% CI 0.8689, 0.9678]",9.6,10
Fused pseudo sensitivity,Random Forest,16,redline,0.9884615384615385,0.018578688136140293,0.976923076923077,1.0,"0.9885 ± 0.0186 [95% CI 0.9769, 1.0000]",26.0,10
Fused pseudo sensitivity,Random Forest,17,wannacry,0.9651515151515152,0.045060016208475696,0.9386363636363635,0.9916666666666666,"0.9652 ± 0.0451 [95% CI 0.9386, 0.9917]",11.5,10
Fused pseudo sensitivity,SVM (RBF),0,Akira,0.1833333333333333,0.1995364999563108,0.06666666666666667,0.3,"0.1833 ± 0.1995 [95% CI 0.0667, 0.3000]",2.6,10
Fused pseudo sensitivity,SVM (RBF),1,AsyncRAT,0.8416666666666666,0.18193914326458685,0.7333333333333333,0.95,"0.8417 ± 0.1819 [95% CI 0.7333, 0.9500]",3.7,10
Fused pseudo sensitivity,SVM (RBF),2,Black Suit,0.3833333333333333,0.3337959752399956,0.2,0.5833333333333333,"0.3833 ± 0.3338 [95% CI 0.2000, 0.5833]",3.1,10
Fused pseudo sensitivity,SVM (RBF),3,CoinMiner,0.4333333333333333,0.08606629658238704,0.38333333333333336,0.4833333333333333,"0.4333 ± 0.0861 [95% CI 0.3833, 0.4833]",2.4,10
Fused pseudo sensitivity,SVM (RBF),4,Kovter,0.7482142857142857,0.14879761857139048,0.6589285714285714,0.8375,"0.7482 ± 0.1488 [95% CI 0.6589, 0.8375]",7.2,10
Fused pseudo sensitivity,SVM (RBF),5,MedusaLocker,0.13333333333333333,0.23306863292670035,0.0,0.29999999999999993,"0.1333 ± 0.2331 [95% CI 0.0000, 0.3000]",2.9,10
Fused pseudo sensitivity,SVM (RBF),6,NanoCore,0.6238095238095238,0.06900655593423545,0.5857142857142856,0.6666666666666667,"0.6238 ± 0.0690 [95% CI 0.5857, 0.6667]",6.9,10
Fused pseudo sensitivity,SVM (RBF),7,Phorpiex,0.7566666666666666,0.14405931562989283,0.6666666666666666,0.8234166666666661,"0.7567 ± 0.1441 [95% CI 0.6667, 0.8234]",5.5,10
Fused pseudo sensitivity,SVM (RBF),8,QuasarRAT,0.6333333333333333,0.34960294939005054,0.4333333333333333,0.8333333333333333,"0.6333 ± 0.3496 [95% CI 0.4333, 0.8333]",2.1,10
Fused pseudo sensitivity,SVM (RBF),9,SalatStealer,0.7904761904761904,0.19107050140703696,0.6761904761904761,0.9,"0.7905 ± 0.1911 [95% CI 0.6762, 0.9000]",6.8,10
Fused pseudo sensitivity,SVM (RBF),10,Socks5Systemz,0.9,0.21081851067789198,0.75,1.0,"0.9000 ± 0.2108 [95% CI 0.7500, 1.0000]",2.0,10
Fused pseudo sensitivity,SVM (RBF),11,Stealc,0.7083333333333333,0.27003086243366087,0.5497916666666666,0.8583333333333332,"0.7083 ± 0.2700 [95% CI 0.5498, 0.8583]",3.9,10
Fused pseudo sensitivity,SVM (RBF),12,a310logger,0.6666666666666667,0.21872244094477253,0.5416666666666666,0.8,"0.6667 ± 0.2187 [95% CI 0.5417, 0.8000]",3.6,10
Fused pseudo sensitivity,SVM (RBF),13,agenttesla,0.6,0.2383067843280802,0.4666666666666666,0.75,"0.6000 ± 0.2383 [95% CI 0.4667, 0.7500]",2.5,10
Fused pseudo sensitivity,SVM (RBF),14,lockbit,0.45,0.3689323936863109,0.25,0.65,"0.4500 ± 0.3689 [95% CI 0.2500, 0.6500]",2.1,10
Fused pseudo sensitivity,SVM (RBF),15,lumma,0.8644444444444443,0.12112866562096934,0.788888888888889,0.9377777777777776,"0.8644 ± 0.1211 [95% CI 0.7889, 0.9378]",9.6,10
Fused pseudo sensitivity,SVM (RBF),16,redline,0.8192307692307692,0.0870474112654767,0.7692307692307693,0.8730769230769232,"0.8192 ± 0.0870 [95% CI 0.7692, 0.8731]",26.0,10
Fused pseudo sensitivity,SVM (RBF),17,wannacry,0.9651515151515152,0.045060016208475696,0.9386363636363635,0.9916666666666666,"0.9652 ± 0.0451 [95% CI 0.9386, 0.9917]",11.5,10
Fused pseudo sensitivity,KNN,0,Akira,0.3,0.23306863292670033,0.16666666666666666,0.4333333333333333,"0.3000 ± 0.2331 [95% CI 0.1667, 0.4333]",2.6,10
Fused pseudo sensitivity,KNN,1,AsyncRAT,0.7666666666666666,0.18757714462371256,0.65,0.875,"0.7667 ± 0.1876 [95% CI 0.6500, 0.8750]",3.7,10
Fused pseudo sensitivity,KNN,2,Black Suit,0.26666666666666666,0.34426518632954817,0.1,0.4999999999999999,"0.2667 ± 0.3443 [95% CI 0.1000, 0.5000]",3.1,10
Fused pseudo sensitivity,KNN,3,CoinMiner,0.11666666666666665,0.1932503014547343,0.0,0.23333333333333334,"0.1167 ± 0.1933 [95% CI 0.0000, 0.2333]",2.4,10
Fused pseudo sensitivity,KNN,4,Kovter,0.6678571428571429,0.18883219103712717,0.5625,0.7857589285714284,"0.6679 ± 0.1888 [95% CI 0.5625, 0.7858]",7.2,10
Fused pseudo sensitivity,KNN,5,MedusaLocker,0.26666666666666666,0.2629368792488718,0.13333333333333333,0.4333333333333333,"0.2667 ± 0.2629 [95% CI 0.1333, 0.4333]",2.9,10
Fused pseudo sensitivity,KNN,6,NanoCore,0.5523809523809524,0.13691338827204969,0.4666666666666667,0.6285714285714284,"0.5524 ± 0.1369 [95% CI 0.4667, 0.6286]",6.9,10
Fused pseudo sensitivity,KNN,7,Phorpiex,0.5933333333333335,0.1623895636128454,0.48666666666666664,0.6733333333333333,"0.5933 ± 0.1624 [95% CI 0.4867, 0.6733]",5.5,10
Fused pseudo sensitivity,KNN,8,QuasarRAT,0.6,0.39440531887330776,0.35,0.8,"0.6000 ± 0.3944 [95% CI 0.3500, 0.8000]",2.1,10
Fused pseudo sensitivity,KNN,9,SalatStealer,0.6142857142857142,0.22498285257018433,0.4809523809523809,0.757142857142857,"0.6143 ± 0.2250 [95% CI 0.4810, 0.7571]",6.8,10
Fused pseudo sensitivity,KNN,10,Socks5Systemz,0.9,0.21081851067789198,0.75,1.0,"0.9000 ± 0.2108 [95% CI 0.7500, 1.0000]",2.0,10
Fused pseudo sensitivity,KNN,11,Stealc,0.6833333333333333,0.22152668930418762,0.5583333333333333,0.8083333333333332,"0.6833 ± 0.2215 [95% CI 0.5583, 0.8083]",3.9,10
Fused pseudo sensitivity,KNN,12,a310logger,0.41666666666666663,0.1800205749557739,0.31666666666666665,0.5333333333333333,"0.4167 ± 0.1800 [95% CI 0.3167, 0.5333]",3.6,10
Fused pseudo sensitivity,KNN,13,agenttesla,0.6833333333333333,0.241522945769824,0.55,0.8333333333333333,"0.6833 ± 0.2415 [95% CI 0.5500, 0.8333]",2.5,10
Fused pseudo sensitivity,KNN,14,lockbit,0.5,0.3333333333333333,0.3,0.7,"0.5000 ± 0.3333 [95% CI 0.3000, 0.7000]",2.1,10
Fused pseudo sensitivity,KNN,15,lumma,0.8333333333333333,0.10020555006273098,0.7722222222222223,0.8933333333333333,"0.8333 ± 0.1002 [95% CI 0.7722, 0.8933]",9.6,10
Fused pseudo sensitivity,KNN,16,redline,0.5115384615384615,0.11474179915520227,0.4461538461538462,0.5807692307692307,"0.5115 ± 0.1147 [95% CI 0.4462, 0.5808]",26.0,10
Fused pseudo sensitivity,KNN,17,wannacry,0.9469696969696969,0.04573426837443141,0.9204545454545453,0.9734848484848484,"0.9470 ± 0.0457 [95% CI 0.9205, 0.9735]",11.5,10
Fused pseudo sensitivity,XGBoost,0,Akira,0.16666666666666666,0.22222222222222224,0.03333333333333333,0.3,"0.1667 ± 0.2222 [95% CI 0.0333, 0.3000]",2.6,10
Fused pseudo sensitivity,XGBoost,1,AsyncRAT,0.95,0.10540925533894598,0.875,1.0,"0.9500 ± 0.1054 [95% CI 0.8750, 1.0000]",3.7,10
Fused pseudo sensitivity,XGBoost,2,Black Suit,0.325,0.352351010453924,0.13333333333333333,0.55,"0.3250 ± 0.3524 [95% CI 0.1333, 0.5500]",3.1,10
Fused pseudo sensitivity,XGBoost,3,CoinMiner,0.7,0.3220305943597653,0.4995833333333334,0.8666666666666666,"0.7000 ± 0.3220 [95% CI 0.4996, 0.8667]",2.4,10
Fused pseudo sensitivity,XGBoost,4,Kovter,0.9160714285714286,0.09890629225952248,0.8571428571428571,0.9714285714285715,"0.9161 ± 0.0989 [95% CI 0.8571, 0.9714]",7.2,10
Fused pseudo sensitivity,XGBoost,5,MedusaLocker,0.3,0.33147630867058436,0.13333333333333333,0.5333333333333332,"0.3000 ± 0.3315 [95% CI 0.1333, 0.5333]",2.9,10
Fused pseudo sensitivity,XGBoost,6,NanoCore,0.9095238095238095,0.12982923839160973,0.8333333333333333,0.9857142857142858,"0.9095 ± 0.1298 [95% CI 0.8333, 0.9857]",6.9,10
Fused pseudo sensitivity,XGBoost,7,Phorpiex,0.9800000000000001,0.06324555320336758,0.9400000000000001,1.0,"0.9800 ± 0.0632 [95% CI 0.9400, 1.0000]",5.5,10
Fused pseudo sensitivity,XGBoost,8,QuasarRAT,0.85,0.24152294576982394,0.7,1.0,"0.8500 ± 0.2415 [95% CI 0.7000, 1.0000]",2.1,10
Fused pseudo sensitivity,XGBoost,9,SalatStealer,0.9428571428571428,0.07377111135633178,0.9,0.9857142857142858,"0.9429 ± 0.0738 [95% CI 0.9000, 0.9857]",6.8,10
Fused pseudo sensitivity,XGBoost,10,Socks5Systemz,0.95,0.15811388300841897,0.85,1.0,"0.9500 ± 0.1581 [95% CI 0.8500, 1.0000]",2.0,10
Fused pseudo sensitivity,XGBoost,11,Stealc,0.975,0.07905694150420949,0.925,1.0,"0.9750 ± 0.0791 [95% CI 0.9250, 1.0000]",3.9,10
Fused pseudo sensitivity,XGBoost,12,a310logger,0.8333333333333333,0.188398055086813,0.7166666666666666,0.9416666666666667,"0.8333 ± 0.1884 [95% CI 0.7167, 0.9417]",3.6,10
Fused pseudo sensitivity,XGBoost,13,agenttesla,0.7,0.21942686286812776,0.5829166666666666,0.8333333333333333,"0.7000 ± 0.2194 [95% CI 0.5829, 0.8333]",2.5,10
Fused pseudo sensitivity,XGBoost,14,lockbit,0.65,0.41163630117428235,0.4,0.85,"0.6500 ± 0.4116 [95% CI 0.4000, 0.8500]",2.1,10
Fused pseudo sensitivity,XGBoost,15,lumma,0.9277777777777778,0.06874337478989105,0.8866666666666667,0.9688888888888888,"0.9278 ± 0.0687 [95% CI 0.8867, 0.9689]",9.6,10
Fused pseudo sensitivity,XGBoost,16,redline,0.9461538461538461,0.03715737627228061,0.9230769230769231,0.9692307692307693,"0.9462 ± 0.0372 [95% CI 0.9231, 0.9692]",26.0,10
Fused pseudo sensitivity,XGBoost,17,wannacry,0.9818181818181818,0.03833063830507128,0.9545454545454545,1.0,"0.9818 ± 0.0383 [95% CI 0.9545, 1.0000]",11.5,10
Fused pseudo sensitivity,CatBoost,0,Akira,0.08333333333333333,0.18002057495577392,0.0,0.2,"0.0833 ± 0.1800 [95% CI 0.0000, 0.2000]",2.6,10
Fused pseudo sensitivity,CatBoost,1,AsyncRAT,0.925,0.12076147288491199,0.85,1.0,"0.9250 ± 0.1208 [95% CI 0.8500, 1.0000]",3.7,10
Fused pseudo sensitivity,CatBoost,2,Black Suit,0.3833333333333333,0.2944968506821905,0.21666666666666665,0.55,"0.3833 ± 0.2945 [95% CI 0.2167, 0.5500]",3.1,10
Fused pseudo sensitivity,CatBoost,3,CoinMiner,0.7333333333333333,0.33518006953329677,0.5166666666666666,0.9166666666666666,"0.7333 ± 0.3352 [95% CI 0.5167, 0.9167]",2.4,10
Fused pseudo sensitivity,CatBoost,4,Kovter,0.9,0.11761037176408067,0.8285714285714285,0.9714285714285715,"0.9000 ± 0.1176 [95% CI 0.8286, 0.9714]",7.2,10
Fused pseudo sensitivity,CatBoost,5,MedusaLocker,0.3333333333333333,0.3142696805273545,0.16666666666666666,0.5333333333333333,"0.3333 ± 0.3143 [95% CI 0.1667, 0.5333]",2.9,10
Fused pseudo sensitivity,CatBoost,6,NanoCore,0.8976190476190476,0.11880928523690142,0.8261904761904761,0.9714285714285715,"0.8976 ± 0.1188 [95% CI 0.8262, 0.9714]",6.9,10
Fused pseudo sensitivity,CatBoost,7,Phorpiex,0.9400000000000001,0.09660917830792956,0.8800000000000001,1.0,"0.9400 ± 0.0966 [95% CI 0.8800, 1.0000]",5.5,10
Fused pseudo sensitivity,CatBoost,8,QuasarRAT,0.75,0.3535533905932738,0.5,0.95,"0.7500 ± 0.3536 [95% CI 0.5000, 0.9500]",2.1,10
Fused pseudo sensitivity,CatBoost,9,SalatStealer,0.9142857142857143,0.09988655696858588,0.8571428571428571,0.9714285714285715,"0.9143 ± 0.0999 [95% CI 0.8571, 0.9714]",6.8,10
Fused pseudo sensitivity,CatBoost,10,Socks5Systemz,0.95,0.15811388300841897,0.85,1.0,"0.9500 ± 0.1581 [95% CI 0.8500, 1.0000]",2.0,10
Fused pseudo sensitivity,CatBoost,11,Stealc,0.95,0.10540925533894598,0.875,1.0,"0.9500 ± 0.1054 [95% CI 0.8750, 1.0000]",3.9,10
Fused pseudo sensitivity,CatBoost,12,a310logger,0.8,0.24279748203791285,0.6499999999999999,0.925,"0.8000 ± 0.2428 [95% CI 0.6500, 0.9250]",3.6,10
Fused pseudo sensitivity,CatBoost,13,agenttesla,0.75,0.22566773346211003,0.6166666666666667,0.8833333333333332,"0.7500 ± 0.2257 [95% CI 0.6167, 0.8833]",2.5,10
Fused pseudo sensitivity,CatBoost,14,lockbit,0.7,0.4216370213557839,0.45,0.9,"0.7000 ± 0.4216 [95% CI 0.4500, 0.9000]",2.1,10
Fused pseudo sensitivity,CatBoost,15,lumma,0.9277777777777778,0.06874337478989105,0.8866666666666667,0.9688888888888888,"0.9278 ± 0.0687 [95% CI 0.8867, 0.9689]",9.6,10
Fused pseudo sensitivity,CatBoost,16,redline,0.95,0.03648781915578899,0.9307692307692308,0.9730769230769232,"0.9500 ± 0.0365 [95% CI 0.9308, 0.9731]",26.0,10
Fused pseudo sensitivity,CatBoost,17,wannacry,0.9818181818181818,0.03833063830507128,0.9545454545454545,1.0,"0.9818 ± 0.0383 [95% CI 0.9545, 1.0000]",11.5,10
