Dataset,Model,Fold,Accuracy,Balanced Accuracy,Precision (weighted),Recall (weighted),F1 (weighted),F1 (macro),AUC (OVR),AUPRC,MCC
Fused pseudo sensitivity,Logistic Regression,1,0.7714285714285715,0.7202720119386785,0.8176984126984127,0.7714285714285715,0.7824226956557785,0.6884385757192776,0.9798795582199102,0.7794670584046863,0.7519583801223364
Fused pseudo sensitivity,Logistic Regression,2,0.6761904761904762,0.6099562474562474,0.7759637188208617,0.6761904761904762,0.6953734522956491,0.5713462812719106,0.9637629299196594,0.6880634829804534,0.6492366344386993
Fused pseudo sensitivity,Logistic Regression,3,0.6761904761904762,0.6190815357482023,0.7288435374149661,0.6761904761904762,0.6873862753784084,0.5634065389175942,0.9676239242752387,0.7067806789302344,0.6465548129615116
Fused pseudo sensitivity,Logistic Regression,4,0.6442307692307693,0.5571493321493322,0.658868215118215,0.6442307692307693,0.6440164109394879,0.5319529852863186,0.9675219103025425,0.6900922231318688,0.6048550121570307
Fused pseudo sensitivity,Logistic Regression,5,0.7019230769230769,0.5519943019943021,0.7257288001853219,0.7019230769230769,0.7014062631507686,0.5416727452441739,0.9425064100903108,0.6494348228077634,0.6697395393440722
Fused pseudo sensitivity,Logistic Regression,6,0.7333333333333333,0.6224053724053724,0.7633452399912027,0.7333333333333333,0.7279057994160034,0.5829013843299558,0.9413269736906228,0.6625368835425541,0.7058209710469652
Fused pseudo sensitivity,Logistic Regression,7,0.6442307692307693,0.5978798978798978,0.75,0.6442307692307693,0.6702667876213843,0.5575917157217971,0.949469551861611,0.6108914055628626,0.6192795922272923
Fused pseudo sensitivity,Logistic Regression,8,0.6346153846153846,0.5736501153167819,0.707160931174089,0.6346153846153846,0.6518053284726508,0.5330620809521065,0.9440004926539092,0.6387715764264312,0.6019138155858602
Fused pseudo sensitivity,Logistic Regression,9,0.6538461538461539,0.5861721611721611,0.729811507936508,0.6538461538461539,0.6671536796536797,0.5441237774571106,0.9647338949745929,0.6773394870211834,0.6241004429484106
Fused pseudo sensitivity,Logistic Regression,10,0.6826923076923077,0.5850630850630851,0.7278846153846152,0.6826923076923077,0.6857496059910974,0.5508411688718594,0.9439689408839376,0.6429445394121891,0.6532538727506418
Fused pseudo sensitivity,Random Forest,1,0.9142857142857143,0.8498677248677249,0.9150793650793652,0.9142857142857143,0.9106924821210536,0.8418973002306335,0.9931505844427583,0.8791776895943563,0.9049793273673962
Fused pseudo sensitivity,Random Forest,2,0.8571428571428571,0.746011396011396,0.8476190476190476,0.8571428571428571,0.8482587680381077,0.7531644630900923,0.9889746061112589,0.8325210958509278,0.8397310550586314
Fused pseudo sensitivity,Random Forest,3,0.8952380952380953,0.8251763668430335,0.917233560090703,0.8952380952380953,0.892926806793571,0.8287668905458051,0.9908941609999792,0.8952945841783634,0.8836049147445794
Fused pseudo sensitivity,Random Forest,4,0.875,0.7803992303992303,0.8948946886446887,0.875,0.8751971543975592,0.796169522485312,0.9941985779081146,0.8900389878289755,0.8605550401919676
Fused pseudo sensitivity,Random Forest,5,0.9038461538461539,0.8035714285714285,0.8851076007326006,0.9038461538461539,0.8908557966250273,0.785868041423597,0.9916520684148702,0.8574484143091267,0.892510269999927
Fused pseudo sensitivity,Random Forest,6,0.8952380952380953,0.7722222222222223,0.8858311229000885,0.8952380952380953,0.8804016100858206,0.7844160907318801,0.9841744515127258,0.8247187830794745,0.8829980011722707
Fused pseudo sensitivity,Random Forest,7,0.8942307692307693,0.8097643097643098,0.9087454212454212,0.8942307692307693,0.8902010027010028,0.8198760087648976,0.9928411039409144,0.8740327157369596,0.8820727228349959
Fused pseudo sensitivity,Random Forest,8,0.8461538461538461,0.7366198616198616,0.8634526353276353,0.8461538461538461,0.8441330802724126,0.7462855453421491,0.988458505900009,0.8338036815229309,0.8282665396448791
Fused pseudo sensitivity,Random Forest,9,0.8461538461538461,0.787016687016687,0.847985347985348,0.8461538461538461,0.8439341997034304,0.7823822268266712,0.9914238013177291,0.8656974562729506,0.8274911783813496
Fused pseudo sensitivity,Random Forest,10,0.875,0.7484567901234568,0.8616414835164835,0.875,0.8643930813614072,0.7503656353329556,0.9891355520766734,0.8483351181275975,0.8602034062902982
Fused pseudo sensitivity,SVM (RBF),1,0.819047619047619,0.729633021299688,0.8337528344671201,0.819047619047619,0.8154039393535193,0.7327549538333852,0.9684170509488429,0.7699627659504658,0.7977491237609039
Fused pseudo sensitivity,SVM (RBF),2,0.7238095238095238,0.6011548636548637,0.7553102453102454,0.7238095238095238,0.7250791921141709,0.5954731371970122,0.9632557179829097,0.7193774039139682,0.6920653923772677
Fused pseudo sensitivity,SVM (RBF),3,0.7238095238095238,0.6312915479582146,0.7775238095238095,0.7238095238095238,0.7262025564396581,0.6281879055154956,0.9672321201919107,0.7525041922225967,0.6936270821014273
Fused pseudo sensitivity,SVM (RBF),4,0.7019230769230769,0.6137630887630886,0.7144459706959707,0.7019230769230769,0.6993190143190143,0.6025589225589225,0.9600444786413599,0.7209893270026669,0.6685289675686764
Fused pseudo sensitivity,SVM (RBF),5,0.7788461538461539,0.6150590150590152,0.7766025641025642,0.7788461538461539,0.7702427202427202,0.6142589920367698,0.9092214711274411,0.6689739127109751,0.7517619263209983
Fused pseudo sensitivity,SVM (RBF),6,0.7523809523809524,0.6644485144485145,0.7706267806267807,0.7523809523809524,0.7511456582633053,0.6505796763149703,0.954217560532938,0.7851847981001101,0.7250985173134965
Fused pseudo sensitivity,SVM (RBF),7,0.7211538461538461,0.6482258482258482,0.7549470457079153,0.7211538461538461,0.7267179249322108,0.6550779907922765,0.9666470527049348,0.7663697431921134,0.690569894216138
Fused pseudo sensitivity,SVM (RBF),8,0.7403846153846154,0.6614061864061864,0.7529828611559382,0.7403846153846154,0.7361374162444554,0.6642361191103329,0.9403580555514923,0.7231080890112949,0.7095708316025311
Fused pseudo sensitivity,SVM (RBF),9,0.6730769230769231,0.6126678876678876,0.7190229004087699,0.6730769230769231,0.6798465945082486,0.59130365596531,0.9250072805137513,0.6734484413887476,0.637668653005923
Fused pseudo sensitivity,SVM (RBF),10,0.7403846153846154,0.611975986975987,0.7490079365079365,0.7403846153846154,0.7370641377852916,0.6082163207163208,0.9360264437380726,0.7061433246076301,0.7112370173854794
Fused pseudo sensitivity,KNN,1,0.7142857142857143,0.6797107213773879,0.7621861471861472,0.7142857142857143,0.7164941936370507,0.6316738816738816,0.8748854378169415,0.6589474656736561,0.6935202071656218
Fused pseudo sensitivity,KNN,2,0.5523809523809524,0.5147079772079771,0.7055857898715041,0.5523809523809524,0.5761596732897427,0.4672519364654915,0.8241556366632723,0.5242282300639243,0.526558665510945
Fused pseudo sensitivity,KNN,3,0.6285714285714286,0.586572378239045,0.6991483259970654,0.6285714285714286,0.6383301926986213,0.5547842974618648,0.8550167235270923,0.5676184269105701,0.5989231611374841
Fused pseudo sensitivity,KNN,4,0.5384615384615384,0.4854256854256854,0.6231570512820513,0.5384615384615384,0.5533414599784205,0.43121122328439404,0.8121518570096489,0.5290868900692903,0.5028781571577489
Fused pseudo sensitivity,KNN,5,0.6153846153846154,0.5394383394383394,0.6989624958374958,0.6153846153846154,0.6331318072171731,0.5015526930161076,0.8463853839795445,0.5575612943310986,0.5856603955855897
Fused pseudo sensitivity,KNN,6,0.6190476190476191,0.6064611314611316,0.6658648758648759,0.6190476190476191,0.6155206331931071,0.5328091721587658,0.8791022013653018,0.6564500134846695,0.590618953749655
Fused pseudo sensitivity,KNN,7,0.5961538461538461,0.5764360639360638,0.719529082029082,0.5961538461538461,0.6101950337244454,0.5272283997774194,0.8418952557739969,0.5635547842382802,0.5738215278525277
Fused pseudo sensitivity,KNN,8,0.625,0.5693729110395777,0.6947344322344323,0.625,0.6460726773226774,0.5478435145101812,0.8263117674160971,0.5253735033961159,0.592870547708894
Fused pseudo sensitivity,KNN,9,0.5480769230769231,0.5286223036223037,0.6541791541791542,0.5480769230769231,0.5675073331323331,0.485875431708765,0.7786528860466669,0.49170345016690437,0.5197138225592243
Fused pseudo sensitivity,KNN,10,0.6730769230769231,0.5908628408628408,0.7451159951159951,0.6730769230769231,0.6874847437296292,0.5727781313774221,0.8243024380449175,0.6137851253416756,0.6424842610943666
Fused pseudo sensitivity,XGBoost,1,0.9047619047619048,0.8009259259259259,0.9338447971781305,0.9047619047619048,0.9077315706156676,0.8226290306478986,0.9934586595914493,0.9016500474833808,0.8941161332745241
Fused pseudo sensitivity,XGBoost,2,0.8666666666666667,0.7766788766788767,0.8556613756613757,0.8666666666666667,0.8568513527004092,0.7652174636451365,0.9839704935169993,0.8279385260376461,0.8507880792403617
Fused pseudo sensitivity,XGBoost,3,0.9047619047619048,0.8461877628544294,0.9056349206349207,0.9047619047619048,0.8967947178871549,0.8277963322080969,0.9921705285220557,0.9050827944364985,0.8944535480396737
Fused pseudo sensitivity,XGBoost,4,0.8557692307692307,0.7734802234802234,0.8586691086691087,0.8557692307692307,0.8513235192480475,0.7677507328450724,0.9886406230326986,0.8505879993778166,0.8391445819598795
Fused pseudo sensitivity,XGBoost,5,0.875,0.7807794057794057,0.8753205128205128,0.875,0.8721846529538837,0.7639431556098223,0.9765973365996055,0.812506221438924,0.8601515096550134
Fused pseudo sensitivity,XGBoost,6,0.8571428571428571,0.7356939356939357,0.8561791383219954,0.8571428571428571,0.8466679927331556,0.7447312488248161,0.9761132996439144,0.8113650823693559,0.8400153014169012
Fused pseudo sensitivity,XGBoost,7,0.875,0.8006831131831131,0.8741758241758242,0.875,0.8663105413105414,0.8073466142910587,0.9808860430824377,0.8562828937866646,0.8602128258970269
Fused pseudo sensitivity,XGBoost,8,0.8269230769230769,0.7323463573463573,0.8500320512820512,0.8269230769230769,0.8263143538866538,0.7279316086647715,0.9784387323905077,0.804576698316479,0.8081781231158055
Fused pseudo sensitivity,XGBoost,9,0.8461538461538461,0.7941391941391941,0.8472222222222222,0.8461538461538461,0.8431475072258816,0.7727673211949941,0.9819585639812605,0.8210086279570921,0.828278457563787
Fused pseudo sensitivity,XGBoost,10,0.8653846153846154,0.7391975308641975,0.8393365893365894,0.8653846153846154,0.8487697611979926,0.7246774996081322,0.9808924834712198,0.8488556196889531,0.8503093612646971
Fused pseudo sensitivity,CatBoost,1,0.8952380952380953,0.819953194953195,0.883015873015873,0.8952380952380953,0.8855227040649035,0.7954030986852811,0.9908163825447345,0.8617169683637937,0.8842063741973657
Fused pseudo sensitivity,CatBoost,2,0.8571428571428571,0.7489010989010989,0.8542857142857143,0.8571428571428571,0.8472678098815722,0.74200138234082,0.9907306118895318,0.8461916157875756,0.8401340418467526
Fused pseudo sensitivity,CatBoost,3,0.8952380952380953,0.8322988739655406,0.9154761904761904,0.8952380952380953,0.8976800976800976,0.8322174738841406,0.9911919326775236,0.8809207965902901,0.883482397194894
Fused pseudo sensitivity,CatBoost,4,0.8557692307692307,0.7506169756169756,0.861195054945055,0.8557692307692307,0.8546258809416704,0.7544246418515423,0.9899140491672741,0.8342410992695671,0.838350808651123
Fused pseudo sensitivity,CatBoost,5,0.8269230769230769,0.7257326007326008,0.8287907925407925,0.8269230769230769,0.8236856971585478,0.7044774034970113,0.9788690472412098,0.7974666813961591,0.8073583625993843
Fused pseudo sensitivity,CatBoost,6,0.8761904761904762,0.7503968253968254,0.8829556650246304,0.8761904761904762,0.8694895119132182,0.777892592443676,0.9878644291145368,0.8365163005282369,0.8612846872272425
Fused pseudo sensitivity,CatBoost,7,0.9038461538461539,0.8446645946645945,0.9032763532763534,0.9038461538461539,0.8965272672819842,0.8403939061171766,0.9913331591137982,0.8739454989454989,0.8929688268208631
Fused pseudo sensitivity,CatBoost,8,0.8076923076923077,0.7134513634513635,0.8354166666666666,0.8076923076923077,0.8099960497019321,0.7121908592496828,0.9831980440036726,0.8336383546939419,0.7860773776781425
Fused pseudo sensitivity,CatBoost,9,0.8365384615384616,0.7802503052503051,0.8409722222222223,0.8365384615384616,0.8343334046617792,0.7584375151985214,0.9872556024695319,0.826913187131298,0.8172382391682597
Fused pseudo sensitivity,CatBoost,10,0.8653846153846154,0.7391975308641975,0.8349829568579568,0.8653846153846154,0.8481478137010451,0.7157930198903192,0.9821798831962608,0.8213252869998902,0.8497501679548276
Fused pseudo sensitivity,Top-3 F1-weighted Soft Voting Ensemble,1,0.8952380952380953,0.8022486772486772,0.912063492063492,0.8952380952380953,0.8985225885225885,0.8105413105413105,0.9938835847577937,,
Fused pseudo sensitivity,Top-3 F1-weighted Soft Voting Ensemble,2,0.8761904761904762,0.7753561253561254,0.866005291005291,0.8761904761904762,0.8677285924852122,0.7697096308824019,0.98978038252827,,
Fused pseudo sensitivity,Top-3 F1-weighted Soft Voting Ensemble,3,0.8857142857142857,0.819732736399403,0.89515873015873,0.8857142857142857,0.88187815297059,0.8034610995395309,0.9924752502988843,,
Fused pseudo sensitivity,Top-3 F1-weighted Soft Voting Ensemble,4,0.8557692307692307,0.7688505938505937,0.8552350427350427,0.8557692307692307,0.8516898196143479,0.7658106975717037,0.9932414216568145,,
Fused pseudo sensitivity,Top-3 F1-weighted Soft Voting Ensemble,5,0.8653846153846154,0.7458791208791209,0.8543981481481482,0.8653846153846154,0.8574842590082068,0.7269767677000382,0.9893160629676836,,
Fused pseudo sensitivity,Top-3 F1-weighted Soft Voting Ensemble,6,0.8761904761904762,0.7457671957671957,0.8686699507389162,0.8761904761904762,0.8623240474368293,0.7552924982749544,0.9878209100909052,,
Fused pseudo sensitivity,Top-3 F1-weighted Soft Voting Ensemble,7,0.9038461538461539,0.8398569023569022,0.9066849816849817,0.9038461538461539,0.8964386752848292,0.8416233971789527,0.9932193527546601,,
Fused pseudo sensitivity,Top-3 F1-weighted Soft Voting Ensemble,8,0.8269230769230769,0.7265466015466016,0.8506410256410256,0.8269230769230769,0.8289612097304405,0.7282288698955366,0.9877206819038472,,
Fused pseudo sensitivity,Top-3 F1-weighted Soft Voting Ensemble,9,0.8461538461538461,0.7881868131868132,0.8521901709401709,0.8461538461538461,0.8446884342475779,0.76698452374553,0.9908607085558278,,
Fused pseudo sensitivity,Top-3 F1-weighted Soft Voting Ensemble,10,0.875,0.7530864197530864,0.8458803927553927,0.875,0.8581905487437802,0.7358547482853809,0.9875399538618402,,
